{"type": "FeatureCollection", "features": [{"type": "Feature", "id": "geomorphic_data_verbose.fid-4dbf5249_1a0dd400c2d_-3905", "geometry": {"type": "MultiPolygon", "coordinates": [[[[34.90529801, 27.93926722], [34.90543275, 27.93926722], [34.90543275, 27.9392223], [34.90547767, 27.9392223], [34.90547767, 27.93917739], [34.90543275, 27.93917739], [34.90543275, 27.93908756], [34.90538784, 27.93908756], [34.90538784, 27.93913247], [34.90520817, 27.93913247], [34.90520817, 27.93917739], [34.90525309, 27.93917739], [34.90525309, 27.9392223], [34.90529801, 27.9392223], [34.90529801, 27.93926722]]]]}, "geometry_name": "geom", "properties": {"class_name": "Terrestrial Reef Flat", "area_sqkm": 0.0003080406367145479}}, {"type": "Feature", "id": "geomorphic_data_verbose.fid-4dbf5249_1a0dd400c2d_-3904", "geometry": {"type": "MultiPolygon", "coordinates": [[[[34.90862177, 27.94097402], [34.90866669, 27.94097402], [34.90866669, 27.9409291], [34.9087116, 27.9409291], [34.9087116, 27.94088419], [34.90875652, 27.94088419], [34.90875652, 27.94083927], [34.90880144, 27.94083927], [34.90880144, 27.94074944], [34.90884635, 27.94074944], [34.90884635, 27.94047995], [34.90875652, 27.94047995], [34.90875652, 27.94052486], [34.9087116, 27.94052486], [34.9087116, 27.94056978], [34.90866669, 27.94056978], [34.90866669, 27.94065961], [34.90862177, 27.94065961], [34.90862177, 27.94079436], [34.90857686, 27.94079436], [34.90857686, 27.94088419], [34.90862177, 27.94088419], [34.90862177, 27.94097402]]]]}, "geometry_name": "geom", "properties": {"class_name": "Sheltered Reef Slope", "area_sqkm": 0.000858101354194805}}, {"type": "Feature", "id": "geomorphic_data_verbose.fid-4dbf5249_1a0dd400c2d_-3903", "geometry": {"type": "MultiPolygon", "coordinates": [[[[34.91594304, 27.9426359], [34.91607779, 27.9426359], [34.91607779, 27.94254607], [34.91621254, 27.94254607], [34.91621254, 27.94250115], [34.91625745, 27.94250115], [34.91625745, 27.94236641], [34.91621254, 27.94236641], [34.91621254, 27.94227658], [34.91612271, 27.94227658], [34.91612271, 27.94223166], [34.91607779, 27.94223166], [34.91607779, 27.94245624], [34.91598796, 27.94245624], [34.91598796, 27.94254607], [34.91589813, 27.94254607], [34.91589813, 27.94259099], [34.91594304, 27.94259099], [34.91594304, 27.9426359]]]]}, "geometry_name": "geom", "properties": {"class_name": "Reef Slope", "area_sqkm": 0.0007260743371676654}}, {"type": "Feature", "id": "geomorphic_data_verbose.fid-4dbf5249_1a0dd400c2d_-3902", "geometry": {"type": "MultiPolygon", "coordinates": [[[[34.90826245, 27.94160284], [34.90839719, 27.94160284], [34.90839719, 27.94155792], [34.90826245, 27.94155792], [34.90826245, 27.94160284]]]]}, "geometry_name": "geom", "properties": {"class_name": "Sheltered Reef Slope", "area_sqkm": 6.6007280677557e-05}}, {"type": "Feature", "id": "geomorphic_data_verbose.fid-4dbf5249_1a0dd400c2d_-3901", "geometry": {"type": "MultiPolygon", "coordinates": [[[[34.90875652, 27.9411986], [34.90884635, 27.9411986], [34.90884635, 27.94115368], [34.90889127, 27.94115368], [34.90889127, 27.94110877], [34.9089811, 27.94110877], [34.9089811, 27.94106385], [34.90902601, 27.94106385], [34.90902601, 27.94101893], [34.9089811, 27.94101893], [34.9089811, 27.94079436], [34.90902601, 27.94079436], [34.90902601, 27.94074944], [34.90907093, 27.94074944], [34.90907093, 27.94047995], [34.90902601, 27.94047995], [34.90902601, 27.94039011], [34.90893618, 27.94039011], [34.90893618, 27.94043503], [34.90884635, 27.94043503], [34.90884635, 27.94074944], [34.90880144, 27.94074944], [34.90880144, 27.94083927], [34.90875652, 27.94083927], [34.90875652, 27.94088419], [34.9087116, 27.94088419], [34.9087116, 27.9409291], [34.90866669, 27.9409291], [34.90866669, 27.94097402], [34.90862177, 27.94097402], [34.90862177, 27.94106385], [34.90866669, 27.94106385], [34.90866669, 27.94115368], [34.90875652, 27.94115368], [34.90875652, 27.9411986]]]]}, "geometry_name": "geom", "properties": {"class_name": "Back Reef Slope", "area_sqkm": 0.002068242283947766}}, {"type": "Feature", "id": "geomorphic_data_verbose.fid-4dbf5249_1a0dd400c2d_-3900", "geometry": {"type": "MultiPolygon", "coordinates": [[[[34.91985071, 27.93989604], [34.91994054, 27.93989604], [34.91994054, 27.93985112], [34.91998546, 27.93985112], [34.91998546, 27.93980621], [34.92003038, 27.93980621], [34.92003038, 27.93962655], [34.91998546, 27.93962655], [34.91998546, 27.93958163], [34.91985071, 27.93958163], [34.91985071, 27.93962655], [34.91976088, 27.93962655], [34.91976088, 27.93985112], [34.91985071, 27.93985112], [34.91985071, 27.93989604]]]]}, "geometry_name": "geom", "properties": {"class_name": "Sheltered Reef Slope", "area_sqkm": 0.0007480950343348086}}, {"type": "Feature", "id": "geomorphic_data_verbose.fid-4dbf5249_1a0dd400c2d_-38ff", "geometry": {"type": "MultiPolygon", "coordinates": [[[[34.90799295, 27.93774008], [34.90803787, 27.93774008], [34.90803787, 27.93769517], [34.90799295, 27.93769517], [34.90799295, 27.93774008]]]]}, "geometry_name": "geom", "properties": {"class_name": "Outer Reef Flat", "area_sqkm": 2.2003197155892848e-05}}, {"type": "Feature", "id": "geomorphic_data_verbose.fid-4dbf5249_1a0dd400c2d_-38fe", "geometry": {"type": "MultiPolygon", "coordinates": [[[[34.9087116, 27.93818924], [34.90884635, 27.93818924], [34.90884635, 27.93814433], [34.90889127, 27.93814433], [34.90889127, 27.93800958], [34.90880144, 27.93800958], [34.90880144, 27.93805449], [34.90875652, 27.93805449], [34.90875652, 27.93809941], [34.9087116, 27.93809941], [34.9087116, 27.93818924]]]]}, "geometry_name": "geom", "properties": {"class_name": "Terrestrial Reef Flat", "area_sqkm": 0.0002640374451968819}}, {"type": "Feature", "id": "geomorphic_data_verbose.fid-4dbf5249_1a0dd400c2d_-38fd", "geometry": {"type": "MultiPolygon", "coordinates": [[[[34.91517947, 27.93706635], [34.91522439, 27.93706635], [34.91522439, 27.93697652], [34.91517947, 27.93697652], [34.91517947, 27.93706635]]]]}, "geometry_name": "geom", "properties": {"class_name": "Back Reef Slope", "area_sqkm": 4.400667194277048e-05}}, {"type": "Feature", "id": "geomorphic_data_verbose.fid-4dbf5249_1a0dd400c2d_-38fc", "geometry": {"type": "MultiPolygon", "coordinates": [[[[34.91540405, 27.93643753], [34.91549388, 27.93643753], [34.91549388, 27.93639261], [34.9155388, 27.93639261], [34.9155388, 27.93630278], [34.91558372, 27.93630278], [34.91558372, 27.93621295], [34.9155388, 27.93621295], [34.9155388, 27.93625786], [34.91549388, 27.93625786], [34.91549388, 27.93630278], [34.91544897, 27.93630278], [34.91544897, 27.93639261], [34.91540405, 27.93639261], [34.91540405, 27.93643753]]]]}, "geometry_name": "geom", "properties": {"class_name": "Back Reef Slope", "area_sqkm": 0.000198031258745119}}, {"type": "Feature", "id": "geomorphic_data_verbose.fid-4dbf5249_1a0dd400c2d_-38fb", "geometry": {"type": "MultiPolygon", "coordinates": [[[[34.91464048, 27.93509005], [34.9146854, 27.93509005], [34.9146854, 27.93504514], [34.91464048, 27.93504514], [34.91464048, 27.93509005]]]]}, "geometry_name": "geom", "properties": {"class_name": "Terrestrial Reef Flat", "area_sqkm": 2.2003725530579686e-05}}, {"type": "Feature", "id": "geomorphic_data_verbose.fid-4dbf5249_1a0dd400c2d_-38fa", "geometry": {"type": "MultiPolygon", "coordinates": [[[[34.91464048, 27.93486547], [34.91473032, 27.93486547], [34.91473032, 27.93482056], [34.91477523, 27.93482056], [34.91477523, 27.93468581], [34.91482015, 27.93468581], [34.91482015, 27.93446123], [34.91473032, 27.93446123], [34.91473032, 27.9346409], [34.91464048, 27.9346409], [34.91464048, 27.93486547]]]]}, "geometry_name": "geom", "properties": {"class_name": "Terrestrial Reef Flat", "area_sqkm": 0.0005060874836090953}}, {"type": "Feature", "id": "geomorphic_data_verbose.fid-4dbf5249_1a0dd400c2d_-38f9", "geometry": {"type": "MultiPolygon", "coordinates": [[[[34.91284385, 27.93913247], [34.91320318, 27.93913247], [34.91320318, 27.93908756], [34.91333793, 27.93908756], [34.91333793, 27.93904264], [34.91356251, 27.93904264], [34.91356251, 27.93895281], [34.91365234, 27.93895281], [34.91365234, 27.93890789], [34.91374217, 27.93890789], [34.91374217, 27.93886298], [34.91405658, 27.93886298], [34.91405658, 27.93890789], [34.9141015, 27.93890789], [34.9141015, 27.93886298], [34.91419133, 27.93886298], [34.91419133, 27.93881806], [34.91423624, 27.93881806], [34.91423624, 27.93877315], [34.91428116, 27.93877315], [34.91428116, 27.93868331], [34.91437099, 27.93868331], [34.91437099, 27.93859348], [34.91446082, 27.93859348], [34.91446082, 27.93850365], [34.91455065, 27.93850365], [34.91455065, 27.93841382], [34.91464048, 27.93841382], [34.91464048, 27.93832399], [34.91482015, 27.93832399], [34.91482015, 27.93814433], [34.91490998, 27.93814433], [34.91490998, 27.93800958], [34.9149549, 27.93800958], [34.9149549, 27.93796466], [34.91490998, 27.93796466], [34.91490998, 27.93791975], [34.91486506, 27.93791975], [34.91486506, 27.93787483], [34.91490998, 27.93787483], [34.91490998, 27.937785], [34.91486506, 27.937785], [34.91486506, 27.93774008], [34.91490998, 27.93774008], [34.91490998, 27.93765025], [34.9149549, 27.93765025], [34.9149549, 27.93760534], [34.91499981, 27.93760534], [34.91499981, 27.93742567], [34.91504473, 27.93742567], [34.91504473, 27.93738076], [34.91508964, 27.93738076], [34.91508964, 27.93729093], [34.91513456, 27.93729093], [34.91513456, 27.93724601], [34.91517947, 27.93724601], [34.91517947, 27.93697652], [34.91522439, 27.93697652], [34.91522439, 27.93688668], [34.91526931, 27.93688668], [34.91526931, 27.93679685], [34.91531422, 27.93679685], [34.91531422, 27.93670702], [34.91535914, 27.93670702], [34.91535914, 27.93657227], [34.91540405, 27.93657227], [34.91540405, 27.93648244], [34.91544897, 27.93648244], [34.91544897, 27.93643753], [34.91540405, 27.93643753], [34.91540405, 27.93639261], [34.91544897, 27.93639261], [34.91544897, 27.93630278], [34.91549388, 27.93630278], [34.91549388, 27.93625786], [34.9155388, 27.93625786], [34.9155388, 27.93621295], [34.91558372, 27.93621295], [34.91558372, 27.93612312], [34.91562863, 27.93612312], [34.91562863, 27.93603328], [34.91567355, 27.93603328], [34.91567355, 27.93598837], [34.91562863, 27.93598837], [34.91562863, 27.93585362], [34.91567355, 27.93585362], [34.91567355, 27.93580871], [34.91571846, 27.93580871], [34.91571846, 27.93571887], [34.91576338, 27.93571887], [34.91576338, 27.93567396], [34.91580829, 27.93567396], [34.91580829, 27.93558413], [34.91585321, 27.93558413], [34.91585321, 27.93553921], [34.91589813, 27.93553921], [34.91589813, 27.9354943], [34.91621254, 27.9354943], [34.91621254, 27.93544938], [34.91630237, 27.93544938], [34.91630237, 27.93540446], [34.91634728, 27.93540446], [34.91634728, 27.93535955], [34.91643712, 27.93535955], [34.91643712, 27.93526972], [34.91648203, 27.93526972], [34.91648203, 27.93517988], [34.91652695, 27.93517988], [34.91652695, 27.93509005], [34.91657186, 27.93509005], [34.91657186, 27.93504514], [34.91661678, 27.93504514], [34.91661678, 27.93500022], [34.91666169, 27.93500022], [34.91666169, 27.93495531], [34.91670661, 27.93495531], [34.91670661, 27.93491039], [34.91688627, 27.93491039], [34.91688627, 27.93504514], [34.91693119, 27.93504514], [34.91693119, 27.93509005], [34.91706594, 27.93509005], [34.91706594, 27.93500022], [34.91715577, 27.93500022], [34.91715577, 27.93491039], [34.91706594, 27.93491039], [34.91706594, 27.93473073], [34.91715577, 27.93473073], [34.91715577, 27.93455106], [34.9172456, 27.93455106], [34.9172456, 27.93446123], [34.91742526, 27.93446123], [34.91742526, 27.93432649], [34.91747018, 27.93432649], [34.91747018, 27.93419174], [34.91751509, 27.93419174], [34.91751509, 27.93410191], [34.91742526, 27.93410191], [34.91742526, 27.93401207], [34.91738035, 27.93401207], [34.91738035, 27.93392224], [34.91733543, 27.93392224], [34.91733543, 27.93387733], [34.91729051, 27.93387733], [34.91729051, 27.93392224], [34.9172456, 27.93392224], [34.9172456, 27.93396716], [34.91715577, 27.93396716], [34.91715577, 27.93401207], [34.91711085, 27.93401207], [34.91711085, 27.93405699], [34.91706594, 27.93405699], [34.91706594, 27.93410191], [34.91702102, 27.93410191], [34.91702102, 27.93405699], [34.9169761, 27.93405699], [34.9169761, 27.93392224], [34.91688627, 27.93392224], [34.91688627, 27.93446123], [34.91684136, 27.93446123], [34.91684136, 27.93455106], [34.91679644, 27.93455106], [34.91679644, 27.93459598], [34.91675153, 27.93459598], [34.91675153, 27.9346409], [34.91670661, 27.9346409], [34.91670661, 27.93468581], [34.91666169, 27.93468581], [34.91666169, 27.93473073], [34.91652695, 27.93473073], [34.91652695, 27.93486547], [34.91648203, 27.93486547], [34.91648203, 27.93491039], [34.91643712, 27.93491039], [34.91643712, 27.93500022], [34.9163922, 27.93500022], [34.9163922, 27.93509005], [34.91634728, 27.93509005], [34.91634728, 27.93513497], [34.91630237, 27.93513497], [34.91630237, 27.93517988], [34.91625745, 27.93517988], [34.91625745, 27.9352248], [34.91616762, 27.9352248], [34.91616762, 27.93526972], [34.91603287, 27.93526972], [34.91603287, 27.9352248], [34.91594304, 27.9352248], [34.91594304, 27.93517988], [34.91589813, 27.93517988], [34.91589813, 27.93500022], [34.91585321, 27.93500022], [34.91585321, 27.93509005], [34.91580829, 27.93509005], [34.91580829, 27.93517988], [34.91576338, 27.93517988], [34.91576338, 27.93531463], [34.91571846, 27.93531463], [34.91571846, 27.93540446], [34.91567355, 27.93540446], [34.91567355, 27.93544938], [34.91562863, 27.93544938], [34.91562863, 27.93558413], [34.91558372, 27.93558413], [34.91558372, 27.93562904], [34.9155388, 27.93562904], [34.9155388, 27.93576379], [34.91549388, 27.93576379], [34.91549388, 27.93585362], [34.91544897, 27.93585362], [34.91544897, 27.93589854], [34.91540405, 27.93589854], [34.91540405, 27.93598837], [34.91535914, 27.93598837], [34.91535914, 27.9360782], [34.91531422, 27.9360782], [34.91531422, 27.93612312], [34.91526931, 27.93612312], [34.91526931, 27.93625786], [34.91522439, 27.93625786], [34.91522439, 27.93630278], [34.91517947, 27.93630278], [34.91517947, 27.93639261], [34.91513456, 27.93639261], [34.91513456, 27.93648244], [34.91508964, 27.93648244], [34.91508964, 27.93661719], [34.91504473, 27.93661719], [34.91504473, 27.93670702], [34.91499981, 27.93670702], [34.91499981, 27.93684177], [34.91490998, 27.93684177], [34.91490998, 27.9369316], [34.91486506, 27.9369316], [34.91486506, 27.93711126], [34.91482015, 27.93711126], [34.91482015, 27.93720109], [34.91477523, 27.93720109], [34.91477523, 27.93733584], [34.91473032, 27.93733584], [34.91473032, 27.93738076], [34.9146854, 27.93738076], [34.9146854, 27.93747059], [34.91464048, 27.93747059], [34.91464048, 27.9375155], [34.91450574, 27.9375155], [34.91450574, 27.93760534], [34.91446082, 27.93760534], [34.91446082, 27.93769517], [34.91441591, 27.93769517], [34.91441591, 27.93774008], [34.91437099, 27.93774008], [34.91437099, 27.93782991], [34.91441591, 27.93782991], [34.91441591, 27.93800958], [34.91437099, 27.93800958], [34.91437099, 27.93805449], [34.91432607, 27.93805449], [34.91432607, 27.93809941], [34.91437099, 27.93809941], [34.91437099, 27.93814433], [34.91432607, 27.93814433], [34.91432607, 27.93823416], [34.91428116, 27.93823416], [34.91428116, 27.93827907], [34.91423624, 27.93827907], [34.91423624, 27.93832399], [34.91414641, 27.93832399], [34.91414641, 27.9383689], [34.9141015, 27.9383689], [34.9141015, 27.93845874], [34.91405658, 27.93845874], [34.91405658, 27.93850365], [34.91401166, 27.93850365], [34.91401166, 27.93854857], [34.91392183, 27.93854857], [34.91392183, 27.93859348], [34.91369725, 27.93859348], [34.91369725, 27.9386384], [34.91351759, 27.9386384], [34.91351759, 27.93868331], [34.91347267, 27.93868331], [34.91347267, 27.93872823], [34.91342776, 27.93872823], [34.91342776, 27.93877315], [34.91338284, 27.93877315], [34.91338284, 27.93881806], [34.91329301, 27.93881806], [34.91329301, 27.93886298], [34.91311335, 27.93886298], [34.91311335, 27.93890789], [34.91302352, 27.93890789], [34.91302352, 27.93895281], [34.91293369, 27.93895281], [34.91293369, 27.93899772], [34.91284385, 27.93899772], [34.91284385, 27.93913247]]]]}, "geometry_name": "geom", "properties": {"class_name": "Sheltered Reef Slope", "area_sqkm": 0.02512788911456056}}, {"type": "Feature", "id": "geomorphic_data_verbose.fid-4dbf5249_1a0dd400c2d_-38f8", "geometry": {"type": "MultiPolygon", "coordinates": [[[[34.9121252, 27.9326646], [34.91230487, 27.9326646], [34.91230487, 27.93261969], [34.91225995, 27.93261969], [34.91225995, 27.93252985], [34.91230487, 27.93252985], [34.91230487, 27.93248494], [34.91243961, 27.93248494], [34.91243961, 27.93239511], [34.9123947, 27.93239511], [34.9123947, 27.93235019], [34.91234978, 27.93235019], [34.91234978, 27.93230528], [34.91217012, 27.93230528], [34.91217012, 27.93235019], [34.91203537, 27.93235019], [34.91203537, 27.93239511], [34.91194554, 27.93239511], [34.91194554, 27.93235019], [34.91181079, 27.93235019], [34.91181079, 27.93239511], [34.91176588, 27.93239511], [34.91176588, 27.93244002], [34.91167604, 27.93244002], [34.91167604, 27.93257477], [34.91185571, 27.93257477], [34.91185571, 27.93261969], [34.9121252, 27.93261969], [34.9121252, 27.9326646]]]]}, "geometry_name": "geom", "properties": {"class_name": "Reef Crest", "area_sqkm": 0.0019143691423591227}}, {"type": "Feature", "id": "geomorphic_data_verbose.fid-4dbf5249_1a0dd400c2d_-38f7", "geometry": {"type": "MultiPolygon", "coordinates": [[[[34.90830736, 27.94061469], [34.90835228, 27.94061469], [34.90835228, 27.94056978], [34.90844211, 27.94056978], [34.90844211, 27.94052486], [34.90862177, 27.94052486], [34.90862177, 27.94047995], [34.9087116, 27.94047995], [34.9087116, 27.94039011], [34.90875652, 27.94039011], [34.90875652, 27.9403452], [34.90884635, 27.9403452], [34.90884635, 27.94025537], [34.90893618, 27.94025537], [34.90893618, 27.94021045], [34.9089811, 27.94021045], [34.9089811, 27.94016553], [34.90907093, 27.94016553], [34.90907093, 27.94021045], [34.90920568, 27.94021045], [34.90920568, 27.94016553], [34.90925059, 27.94016553], [34.90925059, 27.94003079], [34.90920568, 27.94003079], [34.90920568, 27.93998587], [34.90925059, 27.93998587], [34.90925059, 27.93994096], [34.90929551, 27.93994096], [34.90929551, 27.93989604], [34.90952009, 27.93989604], [34.90952009, 27.93985112], [34.90965483, 27.93985112], [34.90965483, 27.93980621], [34.90969975, 27.93980621], [34.90969975, 27.93976129], [34.9098345, 27.93976129], [34.9098345, 27.93971638], [34.90992433, 27.93971638], [34.90992433, 27.93967146], [34.90996925, 27.93967146], [34.90996925, 27.93962655], [34.91010399, 27.93962655], [34.91010399, 27.93958163], [34.91019382, 27.93958163], [34.91019382, 27.93953671], [34.91032857, 27.93953671], [34.91032857, 27.9394918], [34.91037349, 27.9394918], [34.91037349, 27.93944688], [34.9104184, 27.93944688], [34.9104184, 27.93935705], [34.91050823, 27.93935705], [34.91050823, 27.93931214], [34.91055315, 27.93931214], [34.91055315, 27.93926722], [34.91064298, 27.93926722], [34.91064298, 27.9392223], [34.9106879, 27.9392223], [34.9106879, 27.93917739], [34.91077773, 27.93917739], [34.91077773, 27.93913247], [34.91086756, 27.93913247], [34.91086756, 27.93908756], [34.91095739, 27.93908756], [34.91095739, 27.93904264], [34.91131672, 27.93904264], [34.91131672, 27.93895281], [34.91136163, 27.93895281], [34.91136163, 27.93890789], [34.91145147, 27.93890789], [34.91145147, 27.93886298], [34.9115413, 27.93886298], [34.9115413, 27.93881806], [34.91185571, 27.93881806], [34.91185571, 27.93877315], [34.91199045, 27.93877315], [34.91199045, 27.93872823], [34.91230487, 27.93872823], [34.91230487, 27.93868331], [34.91252944, 27.93868331], [34.91252944, 27.93872823], [34.91257436, 27.93872823], [34.91257436, 27.93868331], [34.91266419, 27.93868331], [34.91266419, 27.9386384], [34.91279894, 27.9386384], [34.91279894, 27.93868331], [34.91284385, 27.93868331], [34.91284385, 27.9386384], [34.91302352, 27.9386384], [34.91302352, 27.93859348], [34.91311335, 27.93859348], [34.91311335, 27.93854857], [34.91351759, 27.93854857], [34.91351759, 27.9383689], [34.91356251, 27.9383689], [34.91356251, 27.93832399], [34.91374217, 27.93832399], [34.91374217, 27.93827907], [34.91378709, 27.93827907], [34.91378709, 27.93823416], [34.91387692, 27.93823416], [34.91387692, 27.93818924], [34.91401166, 27.93818924], [34.91401166, 27.93814433], [34.91405658, 27.93814433], [34.91405658, 27.93809941], [34.9141015, 27.93809941], [34.9141015, 27.93805449], [34.91419133, 27.93805449], [34.91419133, 27.93800958], [34.91441591, 27.93800958], [34.91441591, 27.93782991], [34.91437099, 27.93782991], [34.91437099, 27.93774008], [34.91441591, 27.93774008], [34.91441591, 27.93769517], [34.91446082, 27.93769517], [34.91446082, 27.93760534], [34.91450574, 27.93760534], [34.91450574, 27.9375155], [34.91464048, 27.9375155], [34.91464048, 27.93747059], [34.9146854, 27.93747059], [34.9146854, 27.93738076], [34.91473032, 27.93738076], [34.91473032, 27.93733584], [34.91477523, 27.93733584], [34.91477523, 27.93720109], [34.91482015, 27.93720109], [34.91482015, 27.93711126], [34.91486506, 27.93711126], [34.91486506, 27.9369316], [34.91490998, 27.9369316], [34.91490998, 27.93684177], [34.91499981, 27.93684177], [34.91499981, 27.93670702], [34.91504473, 27.93670702], [34.91504473, 27.93661719], [34.91508964, 27.93661719], [34.91508964, 27.93648244], [34.91513456, 27.93648244], [34.91513456, 27.93639261], [34.91517947, 27.93639261], [34.91517947, 27.93630278], [34.91522439, 27.93630278], [34.91522439, 27.93625786], [34.91526931, 27.93625786], [34.91526931, 27.93612312], [34.91531422, 27.93612312], [34.91531422, 27.9360782], [34.91535914, 27.9360782], [34.91535914, 27.93598837], [34.91540405, 27.93598837], [34.91540405, 27.93589854], [34.91544897, 27.93589854], [34.91544897, 27.93585362], [34.91549388, 27.93585362], [34.91549388, 27.93576379], [34.9155388, 27.93576379], [34.9155388, 27.93562904], [34.91558372, 27.93562904], [34.91558372, 27.93558413], [34.91562863, 27.93558413], [34.91562863, 27.93544938], [34.91567355, 27.93544938], [34.91567355, 27.93540446], [34.91571846, 27.93540446], [34.91571846, 27.93531463], [34.91576338, 27.93531463], [34.91576338, 27.93517988], [34.91580829, 27.93517988], [34.91580829, 27.93509005], [34.91585321, 27.93509005], [34.91585321, 27.93500022], [34.91589813, 27.93500022], [34.91589813, 27.93491039], [34.91594304, 27.93491039], [34.91594304, 27.93482056], [34.91598796, 27.93482056], [34.91598796, 27.93441632], [34.91603287, 27.93441632], [34.91603287, 27.93414682], [34.91607779, 27.93414682], [34.91607779, 27.93410191], [34.91612271, 27.93410191], [34.91612271, 27.93392224], [34.91616762, 27.93392224], [34.91616762, 27.93365275], [34.91612271, 27.93365275], [34.91612271, 27.93356292], [34.91616762, 27.93356292], [34.91616762, 27.93347309], [34.91607779, 27.93347309], [34.91607779, 27.933518], [34.91603287, 27.933518], [34.91603287, 27.93356292], [34.91598796, 27.93356292], [34.91598796, 27.93360783], [34.91594304, 27.93360783], [34.91594304, 27.93356292], [34.91589813, 27.93356292], [34.91589813, 27.933518], [34.91594304, 27.933518], [34.91594304, 27.93347309], [34.91585321, 27.93347309], [34.91585321, 27.93329342], [34.91589813, 27.93329342], [34.91589813, 27.93320359], [34.91598796, 27.93320359], [34.91598796, 27.93311376], [34.91612271, 27.93311376], [34.91612271, 27.93306884], [34.91616762, 27.93306884], [34.91616762, 27.9329341], [34.91598796, 27.9329341], [34.91598796, 27.93284427], [34.91589813, 27.93284427], [34.91589813, 27.93275443], [34.91585321, 27.93275443], [34.91585321, 27.93302393], [34.91589813, 27.93302393], [34.91589813, 27.93297901], [34.91594304, 27.93297901], [34.91594304, 27.93311376], [34.91585321, 27.93311376], [34.91585321, 27.93324851], [34.91576338, 27.93324851], [34.91576338, 27.93329342], [34.91571846, 27.93329342], [34.91571846, 27.93324851], [34.91558372, 27.93324851], [34.91558372, 27.93320359], [34.91540405, 27.93320359], [34.91540405, 27.93329342], [34.91535914, 27.93329342], [34.91535914, 27.93333834], [34.91531422, 27.93333834], [34.91531422, 27.93347309], [34.91526931, 27.93347309], [34.91526931, 27.93356292], [34.91531422, 27.93356292], [34.91531422, 27.93369766], [34.91513456, 27.93369766], [34.91513456, 27.93374258], [34.91508964, 27.93374258], [34.91508964, 27.93369766], [34.91504473, 27.93369766], [34.91504473, 27.933518], [34.91499981, 27.933518], [34.91499981, 27.93347309], [34.9149549, 27.93347309], [34.9149549, 27.93338325], [34.91486506, 27.93338325], [34.91486506, 27.93329342], [34.91473032, 27.93329342], [34.91473032, 27.93324851], [34.91477523, 27.93324851], [34.91477523, 27.93320359], [34.9146854, 27.93320359], [34.9146854, 27.93311376], [34.91459557, 27.93311376], [34.91459557, 27.93306884], [34.91455065, 27.93306884], [34.91455065, 27.93302393], [34.91450574, 27.93302393], [34.91450574, 27.93297901], [34.91437099, 27.93297901], [34.91437099, 27.9329341], [34.91419133, 27.9329341], [34.91419133, 27.93288918], [34.9141015, 27.93288918], [34.9141015, 27.9329341], [34.91405658, 27.9329341], [34.91405658, 27.93297901], [34.91396675, 27.93297901], [34.91396675, 27.9329341], [34.91387692, 27.9329341], [34.91387692, 27.93297901], [34.91378709, 27.93297901], [34.91378709, 27.9329341], [34.91374217, 27.9329341], [34.91374217, 27.93297901], [34.91356251, 27.93297901], [34.91356251, 27.9329341], [34.91347267, 27.9329341], [34.91347267, 27.93284427], [34.91342776, 27.93284427], [34.91342776, 27.93297901], [34.91320318, 27.93297901], [34.91320318, 27.93288918], [34.91311335, 27.93288918], [34.91311335, 27.93275443], [34.91306843, 27.93275443], [34.91306843, 27.93270952], [34.91288877, 27.93270952], [34.91288877, 27.9326646], [34.91275402, 27.9326646], [34.91275402, 27.93261969], [34.91270911, 27.93261969], [34.91270911, 27.93257477], [34.91266419, 27.93257477], [34.91266419, 27.93252985], [34.91261928, 27.93252985], [34.91261928, 27.93248494], [34.91252944, 27.93248494], [34.91252944, 27.93244002], [34.91243961, 27.93244002], [34.91243961, 27.93248494], [34.91230487, 27.93248494], [34.91230487, 27.93252985], [34.91225995, 27.93252985], [34.91225995, 27.93261969], [34.91230487, 27.93261969], [34.91230487, 27.9326646], [34.91234978, 27.9326646], [34.91234978, 27.93270952], [34.9123947, 27.93270952], [34.9123947, 27.93275443], [34.91248453, 27.93275443], [34.91248453, 27.93279935], [34.91252944, 27.93279935], [34.91252944, 27.93284427], [34.91261928, 27.93284427], [34.91261928, 27.93288918], [34.91266419, 27.93288918], [34.91266419, 27.93297901], [34.91270911, 27.93297901], [34.91270911, 27.93302393], [34.91284385, 27.93302393], [34.91284385, 27.93306884], [34.91288877, 27.93306884], [34.91288877, 27.93320359], [34.91284385, 27.93320359], [34.91284385, 27.93324851], [34.91279894, 27.93324851], [34.91279894, 27.93320359], [34.91261928, 27.93320359], [34.91261928, 27.93315868], [34.91257436, 27.93315868], [34.91257436, 27.93311376], [34.91248453, 27.93311376], [34.91248453, 27.93320359], [34.91257436, 27.93320359], [34.91257436, 27.93329342], [34.91275402, 27.93329342], [34.91275402, 27.93338325], [34.91284385, 27.93338325], [34.91284385, 27.93347309], [34.91293369, 27.93347309], [34.91293369, 27.93356292], [34.91302352, 27.93356292], [34.91302352, 27.93365275], [34.91311335, 27.93365275], [34.91311335, 27.93374258], [34.91374217, 27.93374258], [34.91374217, 27.93383241], [34.91473032, 27.93383241], [34.91473032, 27.93392224], [34.91482015, 27.93392224], [34.91482015, 27.93401207], [34.91490998, 27.93401207], [34.91490998, 27.9343714], [34.91482015, 27.9343714], [34.91482015, 27.93468581], [34.91477523, 27.93468581], [34.91477523, 27.93482056], [34.91473032, 27.93482056], [34.91473032, 27.93486547], [34.91464048, 27.93486547], [34.91464048, 27.93473073], [34.91455065, 27.93473073], [34.91455065, 27.93482056], [34.91437099, 27.93482056], [34.91437099, 27.93491039], [34.91428116, 27.93491039], [34.91428116, 27.93500022], [34.9141015, 27.93500022], [34.9141015, 27.93517988], [34.91392183, 27.93517988], [34.91392183, 27.93526972], [34.91374217, 27.93526972], [34.91374217, 27.93535955], [34.91356251, 27.93535955], [34.91356251, 27.93544938], [34.91338284, 27.93544938], [34.91338284, 27.93553921], [34.91284385, 27.93553921], [34.91284385, 27.93571887], [34.91275402, 27.93571887], [34.91275402, 27.93580871], [34.91266419, 27.93580871], [34.91266419, 27.93589854], [34.91257436, 27.93589854], [34.91257436, 27.93598837], [34.91248453, 27.93598837], [34.91248453, 27.93625786], [34.91221503, 27.93625786], [34.91221503, 27.93652736], [34.91140655, 27.93652736], [34.91140655, 27.93661719], [34.91104722, 27.93661719], [34.91104722, 27.93670702], [34.91095739, 27.93670702], [34.91095739, 27.93688668], [34.91050823, 27.93688668], [34.91050823, 27.93697652], [34.90996925, 27.93697652], [34.90996925, 27.93706635], [34.90934042, 27.93706635], [34.90934042, 27.93715618], [34.90916076, 27.93715618], [34.90916076, 27.93724601], [34.90907093, 27.93724601], [34.90907093, 27.93738076], [34.90916076, 27.93738076], [34.90916076, 27.93733584], [34.90920568, 27.93733584], [34.90920568, 27.93738076], [34.90925059, 27.93738076], [34.90925059, 27.93760534], [34.90920568, 27.93760534], [34.90920568, 27.93765025], [34.90916076, 27.93765025], [34.90916076, 27.93769517], [34.90907093, 27.93769517], [34.90907093, 27.93774008], [34.9089811, 27.93774008], [34.9089811, 27.937785], [34.90893618, 27.937785], [34.90893618, 27.93796466], [34.90884635, 27.93796466], [34.90884635, 27.93800958], [34.90889127, 27.93800958], [34.90889127, 27.93814433], [34.90884635, 27.93814433], [34.90884635, 27.93818924], [34.9087116, 27.93818924], [34.9087116, 27.93823416], [34.90848703, 27.93823416], [34.90848703, 27.93818924], [34.90835228, 27.93818924], [34.90835228, 27.93823416], [34.90826245, 27.93823416], [34.90826245, 27.93827907], [34.90817261, 27.93827907], [34.90817261, 27.93832399], [34.9081277, 27.93832399], [34.9081277, 27.93827907], [34.90799295, 27.93827907], [34.90799295, 27.93832399], [34.90776837, 27.93832399], [34.90776837, 27.93827907], [34.90763363, 27.93827907], [34.90763363, 27.93832399], [34.90758871, 27.93832399], [34.90758871, 27.9383689], [34.90754379, 27.9383689], [34.90754379, 27.93841382], [34.90736413, 27.93841382], [34.90736413, 27.93845874], [34.90718447, 27.93845874], [34.90718447, 27.93841382], [34.90687006, 27.93841382], [34.90687006, 27.93845874], [34.90682514, 27.93845874], [34.90682514, 27.93850365], [34.90678023, 27.93850365], [34.90678023, 27.93854857], [34.90669039, 27.93854857], [34.90669039, 27.93859348], [34.90664548, 27.93859348], [34.90664548, 27.9386384], [34.90655565, 27.9386384], [34.90655565, 27.93868331], [34.90651073, 27.93868331], [34.90651073, 27.93872823], [34.90646582, 27.93872823], [34.90646582, 27.93877315], [34.9064209, 27.93877315], [34.9064209, 27.93881806], [34.90646582, 27.93881806], [34.90646582, 27.93899772], [34.9064209, 27.93899772], [34.9064209, 27.93904264], [34.90633107, 27.93904264], [34.90633107, 27.93899772], [34.90628615, 27.93899772], [34.90628615, 27.93908756], [34.90619632, 27.93908756], [34.90619632, 27.93913247], [34.90606157, 27.93913247], [34.90606157, 27.93926722], [34.90619632, 27.93926722], [34.90619632, 27.93935705], [34.90624124, 27.93935705], [34.90624124, 27.93940197], [34.90637598, 27.93940197], [34.90637598, 27.93967146], [34.9064209, 27.93967146], [34.9064209, 27.93962655], [34.90651073, 27.93962655], [34.90651073, 27.93958163], [34.90655565, 27.93958163], [34.90655565, 27.93962655], [34.90669039, 27.93962655], [34.90669039, 27.93967146], [34.90673531, 27.93967146], [34.90673531, 27.93958163], [34.90669039, 27.93958163], [34.90669039, 27.9394918], [34.90664548, 27.9394918], [34.90664548, 27.93944688], [34.90687006, 27.93944688], [34.90687006, 27.9394918], [34.9070048, 27.9394918], [34.9070048, 27.93962655], [34.90709464, 27.93962655], [34.90709464, 27.93967146], [34.90704972, 27.93967146], [34.90704972, 27.93971638], [34.9070048, 27.93971638], [34.9070048, 27.93976129], [34.90695989, 27.93976129], [34.90695989, 27.93985112], [34.9070048, 27.93985112], [34.9070048, 27.93980621], [34.9072743, 27.93980621], [34.9072743, 27.93985112], [34.90736413, 27.93985112], [34.90736413, 27.93980621], [34.90745396, 27.93980621], [34.90745396, 27.93985112], [34.90749888, 27.93985112], [34.90749888, 27.93989604], [34.90754379, 27.93989604], [34.90754379, 27.93994096], [34.90758871, 27.93994096], [34.90758871, 27.93998587], [34.90763363, 27.93998587], [34.90763363, 27.94003079], [34.90767854, 27.94003079], [34.90767854, 27.94016553], [34.90772346, 27.94016553], [34.90772346, 27.94021045], [34.90799295, 27.94021045], [34.90799295, 27.94016553], [34.90803787, 27.94016553], [34.90803787, 27.94012062], [34.90808278, 27.94012062], [34.90808278, 27.9400757], [34.90835228, 27.9400757], [34.90835228, 27.94016553], [34.90830736, 27.94016553], [34.90830736, 27.94025537], [34.90844211, 27.94025537], [34.90844211, 27.94039011], [34.90839719, 27.94039011], [34.90839719, 27.94043503], [34.90835228, 27.94043503], [34.90835228, 27.94052486], [34.90830736, 27.94052486], [34.90830736, 27.94061469]], [[34.91347267, 27.93630278], [34.91347267, 27.93625786], [34.91342776, 27.93625786], [34.91342776, 27.93621295], [34.91338284, 27.93621295], [34.91338284, 27.9360782], [34.91342776, 27.9360782], [34.91342776, 27.93589854], [34.91356251, 27.93589854], [34.91356251, 27.93585362], [34.91360742, 27.93585362], [34.91360742, 27.93580871], [34.91369725, 27.93580871], [34.91369725, 27.93576379], [34.91374217, 27.93576379], [34.91374217, 27.93571887], [34.913832, 27.93571887], [34.913832, 27.93567396], [34.91392183, 27.93567396], [34.91392183, 27.93562904], [34.91405658, 27.93562904], [34.91405658, 27.93558413], [34.91414641, 27.93558413], [34.91414641, 27.93553921], [34.91423624, 27.93553921], [34.91423624, 27.9354943], [34.91428116, 27.9354943], [34.91428116, 27.93544938], [34.91432607, 27.93544938], [34.91432607, 27.93540446], [34.91437099, 27.93540446], [34.91437099, 27.93535955], [34.91441591, 27.93535955], [34.91441591, 27.93531463], [34.91446082, 27.93531463], [34.91446082, 27.93526972], [34.91455065, 27.93526972], [34.91455065, 27.93531463], [34.91459557, 27.93531463], [34.91459557, 27.93544938], [34.91455065, 27.93544938], [34.91455065, 27.93553921], [34.91450574, 27.93553921], [34.91450574, 27.93558413], [34.91446082, 27.93558413], [34.91446082, 27.93562904], [34.91437099, 27.93562904], [34.91437099, 27.93571887], [34.91432607, 27.93571887], [34.91432607, 27.93576379], [34.91428116, 27.93576379], [34.91428116, 27.93580871], [34.91419133, 27.93580871], [34.91419133, 27.93585362], [34.91414641, 27.93585362], [34.91414641, 27.93589854], [34.91405658, 27.93589854], [34.91405658, 27.93598837], [34.91401166, 27.93598837], [34.91401166, 27.93603328], [34.91396675, 27.93603328], [34.91396675, 27.93598837], [34.91392183, 27.93598837], [34.91392183, 27.93612312], [34.91387692, 27.93612312], [34.91387692, 27.93616803], [34.913832, 27.93616803], [34.913832, 27.93621295], [34.91378709, 27.93621295], [34.91378709, 27.93625786], [34.91369725, 27.93625786], [34.91369725, 27.93630278], [34.91347267, 27.93630278]], [[34.91455065, 27.9352248], [34.91455065, 27.93513497], [34.91459557, 27.93513497], [34.91459557, 27.93509005], [34.91464048, 27.93509005], [34.91464048, 27.9352248], [34.91455065, 27.9352248]], [[34.91464048, 27.93509005], [34.91464048, 27.93504514], [34.9146854, 27.93504514], [34.9146854, 27.93509005], [34.91464048, 27.93509005]]]]}, "geometry_name": "geom", "properties": {"class_name": "Inner Reef Flat", "area_sqkm": 0.265117860056337}}, {"type": "Feature", "id": "geomorphic_data_verbose.fid-4dbf5249_1a0dd400c2d_-38f6", "geometry": {"type": "MultiPolygon", "coordinates": [[[[34.9089811, 27.93104763], [34.90916076, 27.93104763], [34.90916076, 27.9309578], [34.90934042, 27.9309578], [34.90934042, 27.93104763], [34.90978958, 27.93104763], [34.90978958, 27.9309578], [34.90974467, 27.9309578], [34.90974467, 27.93086797], [34.90969975, 27.93086797], [34.90969975, 27.93082306], [34.90960992, 27.93082306], [34.90960992, 27.93077814], [34.90893618, 27.93077814], [34.90893618, 27.93082306], [34.90889127, 27.93082306], [34.90889127, 27.93086797], [34.9089811, 27.93086797], [34.9089811, 27.93104763]]]]}, "geometry_name": "geom", "properties": {"class_name": "Outer Reef Flat", "area_sqkm": 0.0020904313437025996}}, {"type": "Feature", "id": "geomorphic_data_verbose.fid-4dbf5249_1a0dd400c2d_-38f5", "geometry": {"type": "MultiPolygon", "coordinates": [[[[34.90484885, 27.93908756], [34.90511834, 27.93908756], [34.90511834, 27.93904264], [34.90484885, 27.93904264], [34.90484885, 27.93908756]]]]}, "geometry_name": "geom", "properties": {"class_name": "Terrestrial Reef Flat", "area_sqkm": 0.00013201757088303565}}, {"type": "Feature", "id": "geomorphic_data_verbose.fid-4dbf5249_1a0dd400c2d_-38f4", "geometry": {"type": "MultiPolygon", "coordinates": [[[[34.91863799, 27.94353422], [34.91877274, 27.94353422], [34.91877274, 27.94326472], [34.9186829, 27.94326472], [34.9186829, 27.94312998], [34.91854816, 27.94312998], [34.91854816, 27.94326472], [34.91859307, 27.94326472], [34.91859307, 27.94344439], [34.91863799, 27.94344439], [34.91863799, 27.94353422]]]]}, "geometry_name": "geom", "properties": {"class_name": "Reef Slope", "area_sqkm": 0.0006820643829125911}}, {"type": "Feature", "id": "geomorphic_data_verbose.fid-4dbf5249_1a0dd400c2d_-38f3", "geometry": {"type": "MultiPolygon", "coordinates": [[[[34.91585321, 27.94277065], [34.91589813, 27.94277065], [34.91589813, 27.94272573], [34.91594304, 27.94272573], [34.91594304, 27.94268082], [34.91598796, 27.94268082], [34.91598796, 27.9426359], [34.91594304, 27.9426359], [34.91594304, 27.94259099], [34.91580829, 27.94259099], [34.91580829, 27.9426359], [34.91576338, 27.9426359], [34.91576338, 27.94268082], [34.91580829, 27.94268082], [34.91580829, 27.94272573], [34.91585321, 27.94272573], [34.91585321, 27.94277065]]]]}, "geometry_name": "geom", "properties": {"class_name": "Sheltered Reef Slope", "area_sqkm": 0.0002640265108123422}}, {"type": "Feature", "id": "geomorphic_data_verbose.fid-4dbf5249_1a0dd400c2d_-38f2", "geometry": {"type": "MultiPolygon", "coordinates": [[[[34.90682514, 27.94191725], [34.90718447, 27.94191725], [34.90718447, 27.94182742], [34.90682514, 27.94182742], [34.90682514, 27.94191725]]]]}, "geometry_name": "geom", "properties": {"class_name": "Sheltered Reef Slope", "area_sqkm": 0.00035203789882361886}}, {"type": "Feature", "id": "geomorphic_data_verbose.fid-4dbf5249_1a0dd400c2d_-38f1", "geometry": {"type": "MultiPolygon", "coordinates": [[[[34.91279894, 27.94200708], [34.91315826, 27.94200708], [34.91315826, 27.94196217], [34.91320318, 27.94196217], [34.91320318, 27.94191725], [34.9132481, 27.94191725], [34.9132481, 27.94182742], [34.91320318, 27.94182742], [34.91320318, 27.94173759], [34.91311335, 27.94173759], [34.91311335, 27.94164775], [34.91306843, 27.94164775], [34.91306843, 27.94160284], [34.9129786, 27.94160284], [34.9129786, 27.94155792], [34.91266419, 27.94155792], [34.91266419, 27.94160284], [34.91261928, 27.94160284], [34.91261928, 27.94182742], [34.91266419, 27.94182742], [34.91266419, 27.94191725], [34.91270911, 27.94191725], [34.91270911, 27.94196217], [34.91279894, 27.94196217], [34.91279894, 27.94200708]]]]}, "geometry_name": "geom", "properties": {"class_name": "Reef Slope", "area_sqkm": 0.0024202624785620718}}, {"type": "Feature", "id": "geomorphic_data_verbose.fid-4dbf5249_1a0dd400c2d_-38f0", "geometry": {"type": "MultiPolygon", "coordinates": [[[[34.90790312, 27.94164775], [34.9081277, 27.94164775], [34.9081277, 27.94160284], [34.90817261, 27.94160284], [34.90817261, 27.94155792], [34.90826245, 27.94155792], [34.90826245, 27.94151301], [34.90817261, 27.94151301], [34.90817261, 27.94146809], [34.90848703, 27.94146809], [34.90848703, 27.94142318], [34.90853194, 27.94142318], [34.90853194, 27.94137826], [34.90848703, 27.94137826], [34.90848703, 27.94128843], [34.90803787, 27.94128843], [34.90803787, 27.94133334], [34.90794804, 27.94133334], [34.90794804, 27.94137826], [34.90790312, 27.94137826], [34.90790312, 27.94142318], [34.9078582, 27.94142318], [34.9078582, 27.94151301], [34.90781329, 27.94151301], [34.90781329, 27.94160284], [34.90790312, 27.94160284], [34.90790312, 27.94164775]]]]}, "geometry_name": "geom", "properties": {"class_name": "Sheltered Reef Slope", "area_sqkm": 0.0017601959551852195}}, {"type": "Feature", "id": "geomorphic_data_verbose.fid-4dbf5249_1a0dd400c2d_-38ef", "geometry": {"type": "MultiPolygon", "coordinates": [[[[34.91414641, 27.94196217], [34.91437099, 27.94196217], [34.91437099, 27.94191725], [34.91446082, 27.94191725], [34.91446082, 27.94187233], [34.91450574, 27.94187233], [34.91450574, 27.9417825], [34.91455065, 27.9417825], [34.91455065, 27.94164775], [34.91446082, 27.94164775], [34.91446082, 27.94173759], [34.91437099, 27.94173759], [34.91437099, 27.94155792], [34.91450574, 27.94155792], [34.91450574, 27.94146809], [34.91446082, 27.94146809], [34.91446082, 27.94133334], [34.91441591, 27.94133334], [34.91441591, 27.94128843], [34.91437099, 27.94128843], [34.91437099, 27.9411986], [34.91428116, 27.9411986], [34.91428116, 27.94106385], [34.91423624, 27.94106385], [34.91423624, 27.94101893], [34.91374217, 27.94101893], [34.91374217, 27.94106385], [34.91365234, 27.94106385], [34.91365234, 27.94110877], [34.91360742, 27.94110877], [34.91360742, 27.9411986], [34.91356251, 27.9411986], [34.91356251, 27.94146809], [34.91360742, 27.94146809], [34.91360742, 27.94151301], [34.91365234, 27.94151301], [34.91365234, 27.94155792], [34.91401166, 27.94155792], [34.91401166, 27.94164775], [34.91419133, 27.94164775], [34.91419133, 27.94173759], [34.9141015, 27.94173759], [34.9141015, 27.94187233], [34.91414641, 27.94187233], [34.91414641, 27.94196217]]]]}, "geometry_name": "geom", "properties": {"class_name": "Reef Slope", "area_sqkm": 0.006094680719781667}}, {"type": "Feature", "id": "geomorphic_data_verbose.fid-4dbf5249_1a0dd400c2d_-38ee", "geometry": {"type": "MultiPolygon", "coordinates": [[[[34.91450574, 27.9409291], [34.91459557, 27.9409291], [34.91459557, 27.94088419], [34.91464048, 27.94088419], [34.91464048, 27.94079436], [34.9146854, 27.94079436], [34.9146854, 27.94070452], [34.91477523, 27.94070452], [34.91477523, 27.94065961], [34.91504473, 27.94065961], [34.91504473, 27.94056978], [34.91499981, 27.94056978], [34.91499981, 27.94052486], [34.9149549, 27.94052486], [34.9149549, 27.94047995], [34.91486506, 27.94047995], [34.91486506, 27.94043503], [34.91464048, 27.94043503], [34.91464048, 27.94047995], [34.91450574, 27.94047995], [34.91450574, 27.94056978], [34.91446082, 27.94056978], [34.91446082, 27.94065961], [34.91441591, 27.94065961], [34.91441591, 27.94070452], [34.91437099, 27.94070452], [34.91437099, 27.94083927], [34.91441591, 27.94083927], [34.91441591, 27.94088419], [34.91450574, 27.94088419], [34.91450574, 27.9409291]]]]}, "geometry_name": "geom", "properties": {"class_name": "Outer Reef Flat", "area_sqkm": 0.0019142273808959872}}, {"type": "Feature", "id": "geomorphic_data_verbose.fid-4dbf5249_1a0dd400c2d_-38ed", "geometry": {"type": "MultiPolygon", "coordinates": [[[[34.91360742, 27.94083927], [34.91378709, 27.94083927], [34.91378709, 27.94079436], [34.913832, 27.94079436], [34.913832, 27.94070452], [34.91378709, 27.94070452], [34.91378709, 27.94065961], [34.91356251, 27.94065961], [34.91356251, 27.94079436], [34.91360742, 27.94079436], [34.91360742, 27.94083927]]]]}, "geometry_name": "geom", "properties": {"class_name": "Sheltered Reef Slope", "area_sqkm": 0.00046205442216806113}}, {"type": "Feature", "id": "geomorphic_data_verbose.fid-4dbf5249_1a0dd400c2d_-38ec", "geometry": {"type": "MultiPolygon", "coordinates": [[[[34.90516326, 27.94088419], [34.90529801, 27.94088419], [34.90529801, 27.94074944], [34.90525309, 27.94074944], [34.90525309, 27.94065961], [34.90520817, 27.94065961], [34.90520817, 27.94061469], [34.90516326, 27.94061469], [34.90516326, 27.94052486], [34.90511834, 27.94052486], [34.90511834, 27.94047995], [34.90507343, 27.94047995], [34.90507343, 27.94039011], [34.9049836, 27.94039011], [34.9049836, 27.9403452], [34.90493868, 27.9403452], [34.90493868, 27.94052486], [34.9049836, 27.94052486], [34.9049836, 27.94056978], [34.90502851, 27.94056978], [34.90502851, 27.94070452], [34.90507343, 27.94070452], [34.90507343, 27.94074944], [34.90511834, 27.94074944], [34.90511834, 27.94083927], [34.90516326, 27.94083927], [34.90516326, 27.94088419]]]]}, "geometry_name": "geom", "properties": {"class_name": "Reef Slope", "area_sqkm": 0.0009241098404955118}}, {"type": "Feature", "id": "geomorphic_data_verbose.fid-4dbf5249_1a0dd400c2d_-38eb", "geometry": {"type": "MultiPolygon", "coordinates": [[[[34.90628615, 27.94173759], [34.9064209, 27.94173759], [34.9064209, 27.94160284], [34.90637598, 27.94160284], [34.90637598, 27.94155792], [34.90633107, 27.94155792], [34.90633107, 27.94151301], [34.90624124, 27.94151301], [34.90624124, 27.94137826], [34.90619632, 27.94137826], [34.90619632, 27.94133334], [34.90615141, 27.94133334], [34.90615141, 27.94128843], [34.90606157, 27.94128843], [34.90606157, 27.94124351], [34.90601666, 27.94124351], [34.90601666, 27.94115368], [34.905837, 27.94115368], [34.905837, 27.94110877], [34.90574716, 27.94110877], [34.90574716, 27.94101893], [34.90570225, 27.94101893], [34.90570225, 27.94097402], [34.90565733, 27.94097402], [34.90565733, 27.9409291], [34.90561242, 27.9409291], [34.90561242, 27.94088419], [34.90565733, 27.94088419], [34.90565733, 27.94083927], [34.90561242, 27.94083927], [34.90561242, 27.94079436], [34.90552258, 27.94079436], [34.90552258, 27.94074944], [34.90543275, 27.94074944], [34.90543275, 27.94070452], [34.90538784, 27.94070452], [34.90538784, 27.94065961], [34.90529801, 27.94065961], [34.90529801, 27.94061469], [34.90525309, 27.94061469], [34.90525309, 27.94052486], [34.90520817, 27.94052486], [34.90520817, 27.94047995], [34.90516326, 27.94047995], [34.90516326, 27.94043503], [34.90520817, 27.94043503], [34.90520817, 27.94039011], [34.90516326, 27.94039011], [34.90516326, 27.9403452], [34.90507343, 27.9403452], [34.90507343, 27.94021045], [34.90502851, 27.94021045], [34.90502851, 27.9400757], [34.9049836, 27.9400757], [34.9049836, 27.94003079], [34.90493868, 27.94003079], [34.90493868, 27.93998587], [34.90489376, 27.93998587], [34.90489376, 27.93994096], [34.90484885, 27.93994096], [34.90484885, 27.93989604], [34.90480393, 27.93989604], [34.90480393, 27.93985112], [34.90475902, 27.93985112], [34.90475902, 27.93976129], [34.90448952, 27.93976129], [34.90448952, 27.93985112], [34.90457935, 27.93985112], [34.90457935, 27.94003079], [34.90475902, 27.94003079], [34.90475902, 27.94012062], [34.90484885, 27.94012062], [34.90484885, 27.94025537], [34.90489376, 27.94025537], [34.90489376, 27.94030028], [34.90493868, 27.94030028], [34.90493868, 27.9403452], [34.9049836, 27.9403452], [34.9049836, 27.94039011], [34.90507343, 27.94039011], [34.90507343, 27.94047995], [34.90511834, 27.94047995], [34.90511834, 27.94052486], [34.90516326, 27.94052486], [34.90516326, 27.94061469], [34.90520817, 27.94061469], [34.90520817, 27.94065961], [34.90525309, 27.94065961], [34.90525309, 27.94074944], [34.90529801, 27.94074944], [34.90529801, 27.94088419], [34.90534292, 27.94088419], [34.90534292, 27.9409291], [34.90538784, 27.9409291], [34.90538784, 27.94101893], [34.90547767, 27.94101893], [34.90547767, 27.9411986], [34.9055675, 27.9411986], [34.9055675, 27.94128843], [34.90574716, 27.94128843], [34.90574716, 27.94137826], [34.90592683, 27.94137826], [34.90592683, 27.94146809], [34.90610649, 27.94146809], [34.90610649, 27.94155792], [34.90619632, 27.94155792], [34.90619632, 27.94160284], [34.90628615, 27.94160284], [34.90628615, 27.94173759]]]]}, "geometry_name": "geom", "properties": {"class_name": "Sheltered Reef Slope", "area_sqkm": 0.005258617384213954}}, {"type": "Feature", "id": "geomorphic_data_verbose.fid-4dbf5249_1a0dd400c2d_-38ea", "geometry": {"type": "MultiPolygon", "coordinates": [[[[34.90565733, 27.93967146], [34.90579208, 27.93967146], [34.90579208, 27.93953671], [34.90574716, 27.93953671], [34.90574716, 27.9394918], [34.90570225, 27.9394918], [34.90570225, 27.93940197], [34.90565733, 27.93940197], [34.90565733, 27.93944688], [34.90561242, 27.93944688], [34.90561242, 27.93953671], [34.90565733, 27.93953671], [34.90565733, 27.93958163], [34.90561242, 27.93958163], [34.90561242, 27.93962655], [34.90565733, 27.93962655], [34.90565733, 27.93967146]]]]}, "geometry_name": "geom", "properties": {"class_name": "Terrestrial Reef Flat", "area_sqkm": 0.00035204529359936714}}, {"type": "Feature", "id": "geomorphic_data_verbose.fid-4dbf5249_1a0dd400c2d_-38e9", "geometry": {"type": "MultiPolygon", "coordinates": [[[[34.91302352, 27.93944688], [34.91311335, 27.93944688], [34.91311335, 27.93940197], [34.9132481, 27.93940197], [34.9132481, 27.93935705], [34.91333793, 27.93935705], [34.91333793, 27.93926722], [34.91338284, 27.93926722], [34.91338284, 27.9392223], [34.91342776, 27.9392223], [34.91342776, 27.93917739], [34.91347267, 27.93917739], [34.91347267, 27.93913247], [34.91392183, 27.93913247], [34.91392183, 27.93904264], [34.91401166, 27.93904264], [34.91401166, 27.93895281], [34.9141015, 27.93895281], [34.9141015, 27.93890789], [34.91405658, 27.93890789], [34.91405658, 27.93886298], [34.91374217, 27.93886298], [34.91374217, 27.93890789], [34.91365234, 27.93890789], [34.91365234, 27.93895281], [34.91356251, 27.93895281], [34.91356251, 27.93904264], [34.91333793, 27.93904264], [34.91333793, 27.93908756], [34.91320318, 27.93908756], [34.91320318, 27.93913247], [34.91284385, 27.93913247], [34.91284385, 27.93899772], [34.91275402, 27.93899772], [34.91275402, 27.93904264], [34.91208029, 27.93904264], [34.91208029, 27.93908756], [34.91194554, 27.93908756], [34.91194554, 27.93917739], [34.91199045, 27.93917739], [34.91199045, 27.9392223], [34.91203537, 27.9392223], [34.91203537, 27.93926722], [34.9121252, 27.93926722], [34.9121252, 27.9392223], [34.91230487, 27.9392223], [34.91230487, 27.93931214], [34.91234978, 27.93931214], [34.91234978, 27.93935705], [34.9123947, 27.93935705], [34.9123947, 27.93931214], [34.91257436, 27.93931214], [34.91257436, 27.93935705], [34.91261928, 27.93935705], [34.91261928, 27.93940197], [34.91302352, 27.93940197], [34.91302352, 27.93944688]]]]}, "geometry_name": "geom", "properties": {"class_name": "Reef Slope", "area_sqkm": 0.0055887374007552865}}, {"type": "Feature", "id": "geomorphic_data_verbose.fid-4dbf5249_1a0dd400c2d_-38e8", "geometry": {"type": "MultiPolygon", "coordinates": [[[[34.90776837, 27.93832399], [34.90799295, 27.93832399], [34.90799295, 27.93827907], [34.90803787, 27.93827907], [34.90803787, 27.93823416], [34.90799295, 27.93823416], [34.90799295, 27.93814433], [34.90794804, 27.93814433], [34.90794804, 27.93809941], [34.90790312, 27.93809941], [34.90790312, 27.93805449], [34.90781329, 27.93805449], [34.90781329, 27.93800958], [34.90763363, 27.93800958], [34.90763363, 27.93805449], [34.90758871, 27.93805449], [34.90758871, 27.93809941], [34.90754379, 27.93809941], [34.90754379, 27.93814433], [34.90745396, 27.93814433], [34.90745396, 27.93818924], [34.90749888, 27.93818924], [34.90749888, 27.93827907], [34.90754379, 27.93827907], [34.90754379, 27.93823416], [34.90763363, 27.93823416], [34.90763363, 27.93827907], [34.90776837, 27.93827907], [34.90776837, 27.93832399]]]]}, "geometry_name": "geom", "properties": {"class_name": "Reef Crest", "area_sqkm": 0.0012761801887284964}}, {"type": "Feature", "id": "geomorphic_data_verbose.fid-4dbf5249_1a0dd400c2d_-38e7", "geometry": {"type": "MultiPolygon", "coordinates": [[[[34.90745396, 27.93814433], [34.90754379, 27.93814433], [34.90754379, 27.93809941], [34.90758871, 27.93809941], [34.90758871, 27.93805449], [34.90763363, 27.93805449], [34.90763363, 27.93800958], [34.90745396, 27.93800958], [34.90745396, 27.93814433]]]]}, "geometry_name": "geom", "properties": {"class_name": "Inner Reef Flat", "area_sqkm": 0.00019802811520174145}}, {"type": "Feature", "id": "geomorphic_data_verbose.fid-4dbf5249_1a0dd400c2d_-38e6", "geometry": {"type": "MultiPolygon", "coordinates": [[[[34.90821753, 27.93782991], [34.90839719, 27.93782991], [34.90839719, 27.937785], [34.90848703, 27.937785], [34.90848703, 27.93769517], [34.90866669, 27.93769517], [34.90866669, 27.93765025], [34.9087116, 27.93765025], [34.9087116, 27.9375155], [34.90853194, 27.9375155], [34.90853194, 27.93760534], [34.9081277, 27.93760534], [34.9081277, 27.93765025], [34.90808278, 27.93765025], [34.90808278, 27.93769517], [34.90803787, 27.93769517], [34.90803787, 27.93774008], [34.90799295, 27.93774008], [34.90799295, 27.937785], [34.90821753, 27.937785], [34.90821753, 27.93782991]]]]}, "geometry_name": "geom", "properties": {"class_name": "Inner Reef Flat", "area_sqkm": 0.0012981887427419424}}, {"type": "Feature", "id": "geomorphic_data_verbose.fid-4dbf5249_1a0dd400c2d_-38e5", "geometry": {"type": "MultiPolygon", "coordinates": [[[[34.90808278, 27.93765025], [34.9081277, 27.93765025], [34.9081277, 27.93760534], [34.90808278, 27.93760534], [34.90808278, 27.93765025]]]]}, "geometry_name": "geom", "properties": {"class_name": "Outer Reef Flat", "area_sqkm": 2.200321506522596e-05}}, {"type": "Feature", "id": "geomorphic_data_verbose.fid-4dbf5249_1a0dd400c2d_-38e4", "geometry": {"type": "MultiPolygon", "coordinates": [[[[34.9081277, 27.93832399], [34.90817261, 27.93832399], [34.90817261, 27.93827907], [34.90826245, 27.93827907], [34.90826245, 27.93823416], [34.90835228, 27.93823416], [34.90835228, 27.93818924], [34.90848703, 27.93818924], [34.90848703, 27.93823416], [34.9087116, 27.93823416], [34.9087116, 27.93809941], [34.90875652, 27.93809941], [34.90875652, 27.93805449], [34.90880144, 27.93805449], [34.90880144, 27.93800958], [34.90884635, 27.93800958], [34.90884635, 27.93796466], [34.90893618, 27.93796466], [34.90893618, 27.937785], [34.9089811, 27.937785], [34.9089811, 27.93774008], [34.90907093, 27.93774008], [34.90907093, 27.93769517], [34.90916076, 27.93769517], [34.90916076, 27.93765025], [34.90920568, 27.93765025], [34.90920568, 27.93760534], [34.90925059, 27.93760534], [34.90925059, 27.93738076], [34.90920568, 27.93738076], [34.90920568, 27.93733584], [34.90916076, 27.93733584], [34.90916076, 27.93738076], [34.90907093, 27.93738076], [34.90907093, 27.93742567], [34.90880144, 27.93742567], [34.90880144, 27.9375155], [34.9087116, 27.9375155], [34.9087116, 27.93765025], [34.90866669, 27.93765025], [34.90866669, 27.93769517], [34.90848703, 27.93769517], [34.90848703, 27.937785], [34.90839719, 27.937785], [34.90839719, 27.93782991], [34.90821753, 27.93782991], [34.90821753, 27.937785], [34.90808278, 27.937785], [34.90808278, 27.93787483], [34.90799295, 27.93787483], [34.90799295, 27.93796466], [34.90745396, 27.93796466], [34.90745396, 27.93800958], [34.90781329, 27.93800958], [34.90781329, 27.93805449], [34.90790312, 27.93805449], [34.90790312, 27.93809941], [34.90794804, 27.93809941], [34.90794804, 27.93814433], [34.90799295, 27.93814433], [34.90799295, 27.93823416], [34.90803787, 27.93823416], [34.90803787, 27.93827907], [34.9081277, 27.93827907], [34.9081277, 27.93832399]]]]}, "geometry_name": "geom", "properties": {"class_name": "Outer Reef Flat", "area_sqkm": 0.0064909329625423996}}, {"type": "Feature", "id": "geomorphic_data_verbose.fid-4dbf5249_1a0dd400c2d_-38e3", "geometry": {"type": "MultiPolygon", "coordinates": [[[[34.91342776, 27.93603328], [34.91351759, 27.93603328], [34.91351759, 27.93589854], [34.91342776, 27.93589854], [34.91342776, 27.93603328]]]]}, "geometry_name": "geom", "properties": {"class_name": "Outer Reef Flat", "area_sqkm": 0.00013202127857506275}}, {"type": "Feature", "id": "geomorphic_data_verbose.fid-4dbf5249_1a0dd400c2d_-38e2", "geometry": {"type": "MultiPolygon", "coordinates": [[[[34.91455065, 27.9352248], [34.91464048, 27.9352248], [34.91464048, 27.93509005], [34.91459557, 27.93509005], [34.91459557, 27.93513497], [34.91455065, 27.93513497], [34.91455065, 27.9352248]]]]}, "geometry_name": "geom", "properties": {"class_name": "Outer Reef Flat", "area_sqkm": 0.00011001853273808957}}, {"type": "Feature", "id": "geomorphic_data_verbose.fid-4dbf5249_1a0dd400c2d_-38e1", "geometry": {"type": "MultiPolygon", "coordinates": [[[[34.91603287, 27.93526972], [34.91616762, 27.93526972], [34.91616762, 27.9352248], [34.91625745, 27.9352248], [34.91625745, 27.93517988], [34.91630237, 27.93517988], [34.91630237, 27.93513497], [34.91634728, 27.93513497], [34.91634728, 27.93509005], [34.9163922, 27.93509005], [34.9163922, 27.93500022], [34.91643712, 27.93500022], [34.91643712, 27.93491039], [34.91648203, 27.93491039], [34.91648203, 27.93486547], [34.91652695, 27.93486547], [34.91652695, 27.93473073], [34.91666169, 27.93473073], [34.91666169, 27.93468581], [34.91670661, 27.93468581], [34.91670661, 27.9346409], [34.91675153, 27.9346409], [34.91675153, 27.93459598], [34.91679644, 27.93459598], [34.91679644, 27.93455106], [34.91684136, 27.93455106], [34.91684136, 27.93446123], [34.91688627, 27.93446123], [34.91688627, 27.93396716], [34.91679644, 27.93396716], [34.91679644, 27.93392224], [34.9163922, 27.93392224], [34.9163922, 27.93396716], [34.91630237, 27.93396716], [34.91630237, 27.93401207], [34.91625745, 27.93401207], [34.91625745, 27.93410191], [34.91621254, 27.93410191], [34.91621254, 27.93414682], [34.91616762, 27.93414682], [34.91616762, 27.9343714], [34.91607779, 27.9343714], [34.91607779, 27.93455106], [34.91603287, 27.93455106], [34.91603287, 27.93459598], [34.91598796, 27.93459598], [34.91598796, 27.93482056], [34.91594304, 27.93482056], [34.91594304, 27.93491039], [34.91589813, 27.93491039], [34.91589813, 27.93517988], [34.91594304, 27.93517988], [34.91594304, 27.9352248], [34.91603287, 27.9352248], [34.91603287, 27.93526972]]]]}, "geometry_name": "geom", "properties": {"class_name": "Reef Slope", "area_sqkm": 0.008889547416010871}}, {"type": "Feature", "id": "geomorphic_data_verbose.fid-4dbf5249_1a0dd400c2d_-38e0", "geometry": {"type": "MultiPolygon", "coordinates": [[[[34.91778459, 27.93365275], [34.91841341, 27.93365275], [34.91841341, 27.93356292], [34.91922189, 27.93356292], [34.91922189, 27.93347309], [34.91931172, 27.93347309], [34.91931172, 27.93338325], [34.91940156, 27.93338325], [34.91940156, 27.93329342], [34.91967105, 27.93329342], [34.91967105, 27.93338325], [34.91985071, 27.93338325], [34.91985071, 27.93347309], [34.92003038, 27.93347309], [34.92003038, 27.93338325], [34.92021004, 27.93338325], [34.92021004, 27.93342817], [34.92029987, 27.93342817], [34.92029987, 27.93338325], [34.9203897, 27.93338325], [34.9203897, 27.93320359], [34.92021004, 27.93320359], [34.92021004, 27.93311376], [34.92012021, 27.93311376], [34.92012021, 27.93302393], [34.92003038, 27.93302393], [34.92003038, 27.9329341], [34.91967105, 27.9329341], [34.91967105, 27.93284427], [34.91940156, 27.93284427], [34.91940156, 27.93275443], [34.91931172, 27.93275443], [34.91931172, 27.93284427], [34.91922189, 27.93284427], [34.91922189, 27.93279935], [34.91877274, 27.93279935], [34.91877274, 27.93284427], [34.91881765, 27.93284427], [34.91881765, 27.9329341], [34.9189524, 27.9329341], [34.9189524, 27.93297901], [34.91913206, 27.93297901], [34.91913206, 27.9329341], [34.91917698, 27.9329341], [34.91917698, 27.93297901], [34.91922189, 27.93297901], [34.91922189, 27.93302393], [34.91926681, 27.93302393], [34.91926681, 27.93306884], [34.91931172, 27.93306884], [34.91931172, 27.93311376], [34.91926681, 27.93311376], [34.91926681, 27.93324851], [34.91917698, 27.93324851], [34.91917698, 27.93329342], [34.91908715, 27.93329342], [34.91908715, 27.93333834], [34.91904223, 27.93333834], [34.91904223, 27.93338325], [34.91872782, 27.93338325], [34.91872782, 27.93342817], [34.91854816, 27.93342817], [34.91854816, 27.93338325], [34.91832358, 27.93338325], [34.91832358, 27.93342817], [34.91827866, 27.93342817], [34.91827866, 27.933518], [34.91823375, 27.933518], [34.91823375, 27.93356292], [34.91814391, 27.93356292], [34.91814391, 27.933518], [34.91791934, 27.933518], [34.91791934, 27.93347309], [34.91751509, 27.93347309], [34.91751509, 27.93356292], [34.91764984, 27.93356292], [34.91764984, 27.93360783], [34.91778459, 27.93360783], [34.91778459, 27.93365275]]]]}, "geometry_name": "geom", "properties": {"class_name": "Sheltered Reef Slope", "area_sqkm": 0.009219716265248135}}, {"type": "Feature", "id": "geomorphic_data_verbose.fid-4dbf5249_1a0dd400c2d_-38df", "geometry": {"type": "MultiPolygon", "coordinates": [[[[34.91877274, 27.93275443], [34.9189524, 27.93275443], [34.9189524, 27.93270952], [34.91877274, 27.93270952], [34.91877274, 27.93275443]]]]}, "geometry_name": "geom", "properties": {"class_name": "Sheltered Reef Slope", "area_sqkm": 8.801676470786334e-05}}, {"type": "Feature", "id": "geomorphic_data_verbose.fid-4dbf5249_1a0dd400c2d_-38de", "geometry": {"type": "MultiPolygon", "coordinates": [[[[34.91279894, 27.93324851], [34.91284385, 27.93324851], [34.91284385, 27.93320359], [34.91288877, 27.93320359], [34.91288877, 27.93306884], [34.91284385, 27.93306884], [34.91284385, 27.93302393], [34.91270911, 27.93302393], [34.91270911, 27.93297901], [34.91266419, 27.93297901], [34.91266419, 27.93288918], [34.91261928, 27.93288918], [34.91261928, 27.93284427], [34.91252944, 27.93284427], [34.91252944, 27.93279935], [34.91248453, 27.93279935], [34.91248453, 27.93275443], [34.9123947, 27.93275443], [34.9123947, 27.93270952], [34.91234978, 27.93270952], [34.91234978, 27.9326646], [34.9121252, 27.9326646], [34.9121252, 27.93261969], [34.91185571, 27.93261969], [34.91185571, 27.9326646], [34.91194554, 27.9326646], [34.91194554, 27.93275443], [34.91203537, 27.93275443], [34.91203537, 27.93284427], [34.9121252, 27.93284427], [34.9121252, 27.9329341], [34.91230487, 27.9329341], [34.91230487, 27.93302393], [34.9123947, 27.93302393], [34.9123947, 27.93311376], [34.91257436, 27.93311376], [34.91257436, 27.93315868], [34.91261928, 27.93315868], [34.91261928, 27.93320359], [34.91279894, 27.93320359], [34.91279894, 27.93324851]]]]}, "geometry_name": "geom", "properties": {"class_name": "Outer Reef Flat", "area_sqkm": 0.002662502755718306}}, {"type": "Feature", "id": "geomorphic_data_verbose.fid-4dbf5249_1a0dd400c2d_-38dd", "geometry": {"type": "MultiPolygon", "coordinates": [[[[34.91531422, 27.93244002], [34.91535914, 27.93244002], [34.91535914, 27.93226036], [34.91531422, 27.93226036], [34.91531422, 27.93221544], [34.91522439, 27.93221544], [34.91522439, 27.93226036], [34.91517947, 27.93226036], [34.91517947, 27.93239511], [34.91531422, 27.93239511], [34.91531422, 27.93244002]]]]}, "geometry_name": "geom", "properties": {"class_name": "Inner Reef Flat", "area_sqkm": 0.0003300641052071005}}, {"type": "Feature", "id": "geomorphic_data_verbose.fid-4dbf5249_1a0dd400c2d_-38dc", "geometry": {"type": "MultiPolygon", "coordinates": [[[[34.9169761, 27.93311376], [34.91742526, 27.93311376], [34.91742526, 27.93306884], [34.91764984, 27.93306884], [34.91764984, 27.93302393], [34.91773967, 27.93302393], [34.91773967, 27.93297901], [34.91800917, 27.93297901], [34.91800917, 27.93288918], [34.91805408, 27.93288918], [34.91805408, 27.9329341], [34.918099, 27.9329341], [34.918099, 27.93288918], [34.91845832, 27.93288918], [34.91845832, 27.93284427], [34.91854816, 27.93284427], [34.91854816, 27.93279935], [34.91922189, 27.93279935], [34.91922189, 27.93284427], [34.91931172, 27.93284427], [34.91931172, 27.93275443], [34.91877274, 27.93275443], [34.91877274, 27.9326646], [34.91796425, 27.9326646], [34.91796425, 27.93270952], [34.91787442, 27.93270952], [34.91787442, 27.93275443], [34.91769476, 27.93275443], [34.91769476, 27.93284427], [34.91760493, 27.93284427], [34.91760493, 27.9329341], [34.91733543, 27.9329341], [34.91733543, 27.93284427], [34.91715577, 27.93284427], [34.91715577, 27.9329341], [34.9169761, 27.9329341], [34.9169761, 27.93275443], [34.91679644, 27.93275443], [34.91679644, 27.9326646], [34.91661678, 27.9326646], [34.91661678, 27.93257477], [34.91643712, 27.93257477], [34.91643712, 27.93239511], [34.91661678, 27.93239511], [34.91661678, 27.93230528], [34.91643712, 27.93230528], [34.91643712, 27.93203578], [34.91634728, 27.93203578], [34.91634728, 27.93194595], [34.91625745, 27.93194595], [34.91625745, 27.93203578], [34.91616762, 27.93203578], [34.91616762, 27.93194595], [34.91607779, 27.93194595], [34.91607779, 27.93203578], [34.91598796, 27.93203578], [34.91598796, 27.93194595], [34.91589813, 27.93194595], [34.91589813, 27.93185612], [34.91562863, 27.93185612], [34.91562863, 27.93176629], [34.91544897, 27.93176629], [34.91544897, 27.93167646], [34.91562863, 27.93167646], [34.91562863, 27.93158662], [34.91544897, 27.93158662], [34.91544897, 27.93149679], [34.91526931, 27.93149679], [34.91526931, 27.93158662], [34.91517947, 27.93158662], [34.91517947, 27.93149679], [34.91499981, 27.93149679], [34.91499981, 27.93140696], [34.91490998, 27.93140696], [34.91490998, 27.93149679], [34.91482015, 27.93149679], [34.91482015, 27.93158662], [34.91401166, 27.93158662], [34.91401166, 27.93149679], [34.91392183, 27.93149679], [34.91392183, 27.93158662], [34.913832, 27.93158662], [34.913832, 27.93149679], [34.91374217, 27.93149679], [34.91374217, 27.93163154], [34.913832, 27.93163154], [34.913832, 27.93167646], [34.91396675, 27.93167646], [34.91396675, 27.93172137], [34.91419133, 27.93172137], [34.91419133, 27.93176629], [34.91441591, 27.93176629], [34.91441591, 27.93172137], [34.91446082, 27.93172137], [34.91446082, 27.93176629], [34.91513456, 27.93176629], [34.91513456, 27.9318112], [34.91522439, 27.9318112], [34.91522439, 27.93185612], [34.91535914, 27.93185612], [34.91535914, 27.93190103], [34.91544897, 27.93190103], [34.91544897, 27.93194595], [34.9155388, 27.93194595], [34.9155388, 27.93199087], [34.91562863, 27.93199087], [34.91562863, 27.93203578], [34.91567355, 27.93203578], [34.91567355, 27.9320807], [34.91571846, 27.9320807], [34.91571846, 27.93212561], [34.91580829, 27.93212561], [34.91580829, 27.93217053], [34.91585321, 27.93217053], [34.91585321, 27.93221544], [34.91598796, 27.93221544], [34.91598796, 27.93226036], [34.91603287, 27.93226036], [34.91603287, 27.93230528], [34.91607779, 27.93230528], [34.91607779, 27.93235019], [34.91612271, 27.93235019], [34.91612271, 27.93239511], [34.91616762, 27.93239511], [34.91616762, 27.93244002], [34.91621254, 27.93244002], [34.91621254, 27.93248494], [34.91625745, 27.93248494], [34.91625745, 27.93252985], [34.91630237, 27.93252985], [34.91630237, 27.93257477], [34.9163922, 27.93257477], [34.9163922, 27.93261969], [34.91643712, 27.93261969], [34.91643712, 27.93275443], [34.91661678, 27.93275443], [34.91661678, 27.93284427], [34.91679644, 27.93284427], [34.91679644, 27.9329341], [34.91688627, 27.9329341], [34.91688627, 27.93302393], [34.9169761, 27.93302393], [34.9169761, 27.93311376]]]]}, "geometry_name": "geom", "properties": {"class_name": "Reef Slope", "area_sqkm": 0.013554634636474773}}, {"type": "Feature", "id": "geomorphic_data_verbose.fid-4dbf5249_1a0dd400c2d_-38db", "geometry": {"type": "MultiPolygon", "coordinates": [[[[34.91329301, 27.93149679], [34.91342776, 27.93149679], [34.91342776, 27.93140696], [34.91347267, 27.93140696], [34.91347267, 27.93131713], [34.91302352, 27.93131713], [34.91302352, 27.9312273], [34.91257436, 27.9312273], [34.91257436, 27.93113747], [34.9123947, 27.93113747], [34.9123947, 27.93104763], [34.91248453, 27.93104763], [34.91248453, 27.9309578], [34.9123947, 27.9309578], [34.9123947, 27.93086797], [34.91230487, 27.93086797], [34.91230487, 27.9309578], [34.91203537, 27.9309578], [34.91203537, 27.93104763], [34.91194554, 27.93104763], [34.91194554, 27.9309578], [34.91113706, 27.9309578], [34.91113706, 27.93086797], [34.91059807, 27.93086797], [34.91059807, 27.93077814], [34.91050823, 27.93077814], [34.91050823, 27.93086797], [34.91005908, 27.93086797], [34.91005908, 27.93104763], [34.90969975, 27.93104763], [34.90969975, 27.93113747], [34.90996925, 27.93113747], [34.90996925, 27.9312273], [34.91032857, 27.9312273], [34.91032857, 27.93118238], [34.91037349, 27.93118238], [34.91037349, 27.93113747], [34.91050823, 27.93113747], [34.91050823, 27.93109255], [34.91077773, 27.93109255], [34.91077773, 27.93104763], [34.91113706, 27.93104763], [34.91113706, 27.93109255], [34.91118197, 27.93109255], [34.91118197, 27.93104763], [34.91172096, 27.93104763], [34.91172096, 27.93109255], [34.91194554, 27.93109255], [34.91194554, 27.93113747], [34.91208029, 27.93113747], [34.91208029, 27.93118238], [34.91221503, 27.93118238], [34.91221503, 27.9312273], [34.91225995, 27.9312273], [34.91225995, 27.93127221], [34.91261928, 27.93127221], [34.91261928, 27.93131713], [34.91279894, 27.93131713], [34.91279894, 27.93136204], [34.91293369, 27.93136204], [34.91293369, 27.93140696], [34.91311335, 27.93140696], [34.91311335, 27.93145188], [34.91329301, 27.93145188], [34.91329301, 27.93149679]]]]}, "geometry_name": "geom", "properties": {"class_name": "Reef Slope", "area_sqkm": 0.007195473404267803}}, {"type": "Feature", "id": "geomorphic_data_verbose.fid-4dbf5249_1a0dd400c2d_-38da", "geometry": {"type": "MultiPolygon", "coordinates": [[[[34.90296239, 27.93661719], [34.90323188, 27.93661719], [34.90323188, 27.93657227], [34.90318696, 27.93657227], [34.90318696, 27.93648244], [34.90314205, 27.93648244], [34.90314205, 27.93616803], [34.90305222, 27.93616803], [34.90305222, 27.9360782], [34.90296239, 27.9360782], [34.90296239, 27.93589854], [34.90287255, 27.93589854], [34.90287255, 27.93553921], [34.90278272, 27.93553921], [34.90278272, 27.93526972], [34.90273781, 27.93526972], [34.90273781, 27.93517988], [34.90269289, 27.93517988], [34.90269289, 27.93500022], [34.90260306, 27.93500022], [34.90260306, 27.93491039], [34.90251323, 27.93491039], [34.90251323, 27.93473073], [34.9024234, 27.93473073], [34.9024234, 27.9346409], [34.90233357, 27.9346409], [34.90233357, 27.93446123], [34.90224373, 27.93446123], [34.90224373, 27.9343714], [34.90228865, 27.9343714], [34.90228865, 27.93419174], [34.90224373, 27.93419174], [34.90224373, 27.93401207], [34.9021539, 27.93401207], [34.9021539, 27.93383241], [34.90206407, 27.93383241], [34.90206407, 27.93356292], [34.90197424, 27.93356292], [34.90197424, 27.93338325], [34.90188441, 27.93338325], [34.90188441, 27.93320359], [34.90179458, 27.93320359], [34.90179458, 27.93311376], [34.90170474, 27.93311376], [34.90170474, 27.93284427], [34.90161491, 27.93284427], [34.90161491, 27.93257477], [34.90152508, 27.93257477], [34.90152508, 27.93239511], [34.90134542, 27.93239511], [34.90134542, 27.93212561], [34.90125559, 27.93212561], [34.90125559, 27.93203578], [34.90116576, 27.93203578], [34.90116576, 27.93194595], [34.90107592, 27.93194595], [34.90107592, 27.93176629], [34.90098609, 27.93176629], [34.90098609, 27.93167646], [34.90089626, 27.93167646], [34.90089626, 27.93158662], [34.90080643, 27.93158662], [34.90080643, 27.93140696], [34.9007166, 27.93140696], [34.9007166, 27.93131713], [34.90062677, 27.93131713], [34.90062677, 27.93113747], [34.90053693, 27.93113747], [34.90053693, 27.93104763], [34.9004471, 27.93104763], [34.9004471, 27.9309578], [34.90035727, 27.9309578], [34.90035727, 27.93086797], [34.90026744, 27.93086797], [34.90026744, 27.93059848], [34.90017761, 27.93059848], [34.90017761, 27.93050865], [34.90008778, 27.93050865], [34.90008778, 27.93032898], [34.89999795, 27.93032898], [34.89999795, 27.93023915], [34.89981828, 27.93023915], [34.89981828, 27.93005949], [34.89977337, 27.93005949], [34.89977337, 27.93001457], [34.89972845, 27.93001457], [34.89972845, 27.92996966], [34.89968354, 27.92996966], [34.89968354, 27.92992474], [34.89954879, 27.92992474], [34.89954879, 27.92978999], [34.89945896, 27.92978999], [34.89945896, 27.92956541], [34.89941404, 27.92956541], [34.89941404, 27.9295205], [34.89936912, 27.9295205], [34.89936912, 27.92965525], [34.89932421, 27.92965525], [34.89932421, 27.92974508], [34.89927929, 27.92974508], [34.89927929, 27.92978999], [34.89918946, 27.92978999], [34.89918946, 27.92987982], [34.89936912, 27.92987982], [34.89936912, 27.93005949], [34.89945896, 27.93005949], [34.89945896, 27.93023915], [34.89950387, 27.93023915], [34.89950387, 27.93028407], [34.89954879, 27.93028407], [34.89954879, 27.93032898], [34.8995937, 27.93032898], [34.8995937, 27.93041881], [34.89963862, 27.93041881], [34.89963862, 27.93050865], [34.89981828, 27.93050865], [34.89981828, 27.93068831], [34.89999795, 27.93068831], [34.89999795, 27.9309578], [34.90013269, 27.9309578], [34.90013269, 27.93100272], [34.90017761, 27.93100272], [34.90017761, 27.93109255], [34.90022252, 27.93109255], [34.90022252, 27.93113747], [34.90026744, 27.93113747], [34.90026744, 27.9312273], [34.90035727, 27.9312273], [34.90035727, 27.93131713], [34.9004471, 27.93131713], [34.9004471, 27.93145188], [34.90049202, 27.93145188], [34.90049202, 27.93149679], [34.90062677, 27.93149679], [34.90062677, 27.93203578], [34.90098609, 27.93203578], [34.90098609, 27.93221544], [34.90107592, 27.93221544], [34.90107592, 27.93230528], [34.90125559, 27.93230528], [34.90125559, 27.93284427], [34.90143525, 27.93284427], [34.90143525, 27.93302393], [34.90152508, 27.93302393], [34.90152508, 27.93311376], [34.90161491, 27.93311376], [34.90161491, 27.93338325], [34.90174966, 27.93338325], [34.90174966, 27.93347309], [34.90179458, 27.93347309], [34.90179458, 27.93356292], [34.90183949, 27.93356292], [34.90183949, 27.93365275], [34.90188441, 27.93365275], [34.90188441, 27.93401207], [34.90192932, 27.93401207], [34.90192932, 27.93392224], [34.90197424, 27.93392224], [34.90197424, 27.93410191], [34.90201916, 27.93410191], [34.90201916, 27.93419174], [34.9021539, 27.93419174], [34.9021539, 27.93423665], [34.90219882, 27.93423665], [34.90219882, 27.9343714], [34.90206407, 27.9343714], [34.90206407, 27.93446123], [34.9021539, 27.93446123], [34.9021539, 27.93455106], [34.90206407, 27.93455106], [34.90206407, 27.9346409], [34.9021539, 27.9346409], [34.9021539, 27.93473073], [34.90224373, 27.93473073], [34.90224373, 27.93491039], [34.90233357, 27.93491039], [34.90233357, 27.93526972], [34.90251323, 27.93526972], [34.90251323, 27.93553921], [34.90260306, 27.93553921], [34.90260306, 27.9360782], [34.90269289, 27.9360782], [34.90269289, 27.93616803], [34.90278272, 27.93616803], [34.90278272, 27.93643753], [34.90287255, 27.93643753], [34.90287255, 27.93652736], [34.90296239, 27.93652736], [34.90296239, 27.93661719]]]]}, "geometry_name": "geom", "properties": {"class_name": "Reef Slope", "area_sqkm": 0.022444223097179083}}, {"type": "Feature", "id": "geomorphic_data_verbose.fid-4dbf5249_1a0dd400c2d_-38d9", "geometry": {"type": "MultiPolygon", "coordinates": [[[[34.90934042, 27.9411986], [34.90943026, 27.9411986], [34.90943026, 27.94110877], [34.90952009, 27.94110877], [34.90952009, 27.94101893], [34.90969975, 27.94101893], [34.90969975, 27.9409291], [34.91005908, 27.9409291], [34.91005908, 27.94083927], [34.91014891, 27.94083927], [34.91014891, 27.94065961], [34.91019382, 27.94065961], [34.91019382, 27.94061469], [34.91023874, 27.94061469], [34.91023874, 27.94056978], [34.91032857, 27.94056978], [34.91032857, 27.94052486], [34.9104184, 27.94052486], [34.9104184, 27.94030028], [34.91050823, 27.94030028], [34.91050823, 27.94025537], [34.91055315, 27.94025537], [34.91055315, 27.94021045], [34.91050823, 27.94021045], [34.91050823, 27.94012062], [34.9106879, 27.94012062], [34.9106879, 27.9400757], [34.91073281, 27.9400757], [34.91073281, 27.93998587], [34.91077773, 27.93998587], [34.91077773, 27.93994096], [34.91095739, 27.93994096], [34.91095739, 27.93985112], [34.91113706, 27.93985112], [34.91113706, 27.93976129], [34.91122689, 27.93976129], [34.91122689, 27.93967146], [34.9112718, 27.93967146], [34.9112718, 27.93962655], [34.91140655, 27.93962655], [34.91140655, 27.93967146], [34.91145147, 27.93967146], [34.91145147, 27.93976129], [34.91140655, 27.93976129], [34.91140655, 27.93994096], [34.91131672, 27.93994096], [34.91131672, 27.94012062], [34.9112718, 27.94012062], [34.9112718, 27.94021045], [34.91122689, 27.94021045], [34.91122689, 27.94025537], [34.91118197, 27.94025537], [34.91118197, 27.94030028], [34.91104722, 27.94030028], [34.91104722, 27.94039011], [34.91122689, 27.94039011], [34.91122689, 27.94047995], [34.91131672, 27.94047995], [34.91131672, 27.94056978], [34.91140655, 27.94056978], [34.91140655, 27.94047995], [34.91167604, 27.94047995], [34.91167604, 27.94039011], [34.91176588, 27.94039011], [34.91176588, 27.94030028], [34.91140655, 27.94030028], [34.91140655, 27.94021045], [34.91149638, 27.94021045], [34.91149638, 27.94003079], [34.91158621, 27.94003079], [34.91158621, 27.94021045], [34.91167604, 27.94021045], [34.91167604, 27.94012062], [34.91185571, 27.94012062], [34.91185571, 27.94003079], [34.91194554, 27.94003079], [34.91194554, 27.93994096], [34.91203537, 27.93994096], [34.91203537, 27.93985112], [34.91185571, 27.93985112], [34.91185571, 27.93976129], [34.91194554, 27.93976129], [34.91194554, 27.93967146], [34.9121252, 27.93967146], [34.9121252, 27.93985112], [34.91234978, 27.93985112], [34.91234978, 27.93980621], [34.9123947, 27.93980621], [34.9123947, 27.93976129], [34.91257436, 27.93976129], [34.91257436, 27.93994096], [34.91261928, 27.93994096], [34.91261928, 27.93989604], [34.91266419, 27.93989604], [34.91266419, 27.93994096], [34.91275402, 27.93994096], [34.91275402, 27.94003079], [34.91284385, 27.94003079], [34.91284385, 27.93976129], [34.91293369, 27.93976129], [34.91293369, 27.93958163], [34.91302352, 27.93958163], [34.91302352, 27.93940197], [34.91261928, 27.93940197], [34.91261928, 27.93935705], [34.91257436, 27.93935705], [34.91257436, 27.93931214], [34.9123947, 27.93931214], [34.9123947, 27.93935705], [34.91234978, 27.93935705], [34.91234978, 27.93931214], [34.91230487, 27.93931214], [34.91230487, 27.9392223], [34.9121252, 27.9392223], [34.9121252, 27.93926722], [34.91203537, 27.93926722], [34.91203537, 27.9392223], [34.91199045, 27.9392223], [34.91199045, 27.93917739], [34.91194554, 27.93917739], [34.91194554, 27.93908756], [34.91208029, 27.93908756], [34.91208029, 27.93904264], [34.91203537, 27.93904264], [34.91203537, 27.93899772], [34.91158621, 27.93899772], [34.91158621, 27.93904264], [34.91145147, 27.93904264], [34.91145147, 27.93908756], [34.91131672, 27.93908756], [34.91131672, 27.93904264], [34.91095739, 27.93904264], [34.91095739, 27.93908756], [34.91086756, 27.93908756], [34.91086756, 27.93913247], [34.91077773, 27.93913247], [34.91077773, 27.93917739], [34.9106879, 27.93917739], [34.9106879, 27.9392223], [34.91064298, 27.9392223], [34.91064298, 27.93926722], [34.91055315, 27.93926722], [34.91055315, 27.93931214], [34.91050823, 27.93931214], [34.91050823, 27.93935705], [34.9104184, 27.93935705], [34.9104184, 27.93944688], [34.91037349, 27.93944688], [34.91037349, 27.9394918], [34.91032857, 27.9394918], [34.91032857, 27.93953671], [34.91019382, 27.93953671], [34.91019382, 27.93958163], [34.91010399, 27.93958163], [34.91010399, 27.93962655], [34.90996925, 27.93962655], [34.90996925, 27.93967146], [34.90992433, 27.93967146], [34.90992433, 27.93971638], [34.9098345, 27.93971638], [34.9098345, 27.93976129], [34.90969975, 27.93976129], [34.90969975, 27.93980621], [34.90965483, 27.93980621], [34.90965483, 27.93985112], [34.90952009, 27.93985112], [34.90952009, 27.93989604], [34.90929551, 27.93989604], [34.90929551, 27.93994096], [34.90925059, 27.93994096], [34.90925059, 27.93998587], [34.90920568, 27.93998587], [34.90920568, 27.94003079], [34.90925059, 27.94003079], [34.90925059, 27.94016553], [34.90920568, 27.94016553], [34.90920568, 27.94021045], [34.90907093, 27.94021045], [34.90907093, 27.94030028], [34.90902601, 27.94030028], [34.90902601, 27.94047995], [34.90907093, 27.94047995], [34.90907093, 27.94074944], [34.90902601, 27.94074944], [34.90902601, 27.94079436], [34.9089811, 27.94079436], [34.9089811, 27.94101893], [34.90902601, 27.94101893], [34.90902601, 27.94110877], [34.90907093, 27.94110877], [34.90907093, 27.94106385], [34.90911585, 27.94106385], [34.90911585, 27.94101893], [34.90916076, 27.94101893], [34.90916076, 27.94106385], [34.90925059, 27.94106385], [34.90925059, 27.94101893], [34.90934042, 27.94101893], [34.90934042, 27.94097402], [34.90943026, 27.94097402], [34.90943026, 27.94101893], [34.90938534, 27.94101893], [34.90938534, 27.94106385], [34.90934042, 27.94106385], [34.90934042, 27.9411986]]]]}, "geometry_name": "geom", "properties": {"class_name": "Sheltered Reef Slope", "area_sqkm": 0.03940693280809186}}, {"type": "Feature", "id": "geomorphic_data_verbose.fid-4dbf5249_1a0dd400c2d_-38d8", "geometry": {"type": "MultiPolygon", "coordinates": [[[[34.91279894, 27.93899772], [34.91293369, 27.93899772], [34.91293369, 27.93895281], [34.91302352, 27.93895281], [34.91302352, 27.93890789], [34.91311335, 27.93890789], [34.91311335, 27.93886298], [34.91329301, 27.93886298], [34.91329301, 27.93881806], [34.91338284, 27.93881806], [34.91338284, 27.93877315], [34.91342776, 27.93877315], [34.91342776, 27.93872823], [34.91347267, 27.93872823], [34.91347267, 27.93868331], [34.91351759, 27.93868331], [34.91351759, 27.9386384], [34.91369725, 27.9386384], [34.91369725, 27.93859348], [34.91392183, 27.93859348], [34.91392183, 27.93854857], [34.91401166, 27.93854857], [34.91401166, 27.93850365], [34.91405658, 27.93850365], [34.91405658, 27.93845874], [34.9141015, 27.93845874], [34.9141015, 27.9383689], [34.91414641, 27.9383689], [34.91414641, 27.93832399], [34.91423624, 27.93832399], [34.91423624, 27.93827907], [34.91428116, 27.93827907], [34.91428116, 27.93823416], [34.91432607, 27.93823416], [34.91432607, 27.93814433], [34.91437099, 27.93814433], [34.91437099, 27.93809941], [34.91432607, 27.93809941], [34.91432607, 27.93805449], [34.91437099, 27.93805449], [34.91437099, 27.93800958], [34.91419133, 27.93800958], [34.91419133, 27.93805449], [34.9141015, 27.93805449], [34.9141015, 27.93809941], [34.91405658, 27.93809941], [34.91405658, 27.93814433], [34.91401166, 27.93814433], [34.91401166, 27.93818924], [34.91387692, 27.93818924], [34.91387692, 27.93823416], [34.91378709, 27.93823416], [34.91378709, 27.93827907], [34.91374217, 27.93827907], [34.91374217, 27.93832399], [34.91356251, 27.93832399], [34.91356251, 27.9383689], [34.91351759, 27.9383689], [34.91351759, 27.93854857], [34.91311335, 27.93854857], [34.91311335, 27.93859348], [34.91302352, 27.93859348], [34.91302352, 27.9386384], [34.9129786, 27.9386384], [34.9129786, 27.93868331], [34.91293369, 27.93868331], [34.91293369, 27.93877315], [34.91288877, 27.93877315], [34.91288877, 27.93881806], [34.91279894, 27.93881806], [34.91279894, 27.93899772]]]]}, "geometry_name": "geom", "properties": {"class_name": "Outer Reef Flat", "area_sqkm": 0.004884674270045012}}, {"type": "Feature", "id": "geomorphic_data_verbose.fid-4dbf5249_1a0dd400c2d_-38d7", "geometry": {"type": "MultiPolygon", "coordinates": [[[[34.90372595, 27.93796466], [34.90381579, 27.93796466], [34.90381579, 27.93791975], [34.9038607, 27.93791975], [34.9038607, 27.93774008], [34.90381579, 27.93774008], [34.90381579, 27.93765025], [34.90377087, 27.93765025], [34.90377087, 27.93760534], [34.90372595, 27.93760534], [34.90372595, 27.9375155], [34.90368104, 27.9375155], [34.90368104, 27.93738076], [34.90363612, 27.93738076], [34.90363612, 27.93733584], [34.90359121, 27.93733584], [34.90359121, 27.93724601], [34.90354629, 27.93724601], [34.90354629, 27.93715618], [34.90350138, 27.93715618], [34.90350138, 27.93706635], [34.90345646, 27.93706635], [34.90345646, 27.9369316], [34.90341154, 27.9369316], [34.90341154, 27.93684177], [34.90336663, 27.93684177], [34.90336663, 27.93679685], [34.9032768, 27.93679685], [34.9032768, 27.93684177], [34.90323188, 27.93684177], [34.90323188, 27.93715618], [34.9032768, 27.93715618], [34.9032768, 27.93724601], [34.90332171, 27.93724601], [34.90332171, 27.93742567], [34.90341154, 27.93742567], [34.90341154, 27.9375155], [34.90359121, 27.9375155], [34.90359121, 27.93782991], [34.90363612, 27.93782991], [34.90363612, 27.93791975], [34.90372595, 27.93791975], [34.90372595, 27.93796466]]]]}, "geometry_name": "geom", "properties": {"class_name": "Reef Slope", "area_sqkm": 0.002904430942930281}}, {"type": "Feature", "id": "geomorphic_data_verbose.fid-4dbf5249_1a0dd400c2d_-38d6", "geometry": {"type": "MultiPolygon", "coordinates": [[[[34.91567355, 27.93603328], [34.91571846, 27.93603328], [34.91571846, 27.93598837], [34.91576338, 27.93598837], [34.91576338, 27.93594345], [34.91580829, 27.93594345], [34.91580829, 27.93589854], [34.91585321, 27.93589854], [34.91585321, 27.93585362], [34.91589813, 27.93585362], [34.91589813, 27.93571887], [34.91598796, 27.93571887], [34.91598796, 27.93562904], [34.91603287, 27.93562904], [34.91603287, 27.93558413], [34.91607779, 27.93558413], [34.91607779, 27.93553921], [34.91612271, 27.93553921], [34.91612271, 27.9354943], [34.91589813, 27.9354943], [34.91589813, 27.93553921], [34.91585321, 27.93553921], [34.91585321, 27.93558413], [34.91580829, 27.93558413], [34.91580829, 27.93567396], [34.91576338, 27.93567396], [34.91576338, 27.93571887], [34.91571846, 27.93571887], [34.91571846, 27.93580871], [34.91567355, 27.93580871], [34.91567355, 27.93585362], [34.91562863, 27.93585362], [34.91562863, 27.93598837], [34.91567355, 27.93598837], [34.91567355, 27.93603328]]]]}, "geometry_name": "geom", "properties": {"class_name": "Back Reef Slope", "area_sqkm": 0.0011001795546934008}}, {"type": "Feature", "id": "geomorphic_data_verbose.fid-4dbf5249_1a0dd400c2d_-38d5", "geometry": {"type": "MultiPolygon", "coordinates": [[[[34.91598796, 27.93459598], [34.91603287, 27.93459598], [34.91603287, 27.93455106], [34.91607779, 27.93455106], [34.91607779, 27.9343714], [34.91616762, 27.9343714], [34.91616762, 27.93414682], [34.91621254, 27.93414682], [34.91621254, 27.93410191], [34.91625745, 27.93410191], [34.91625745, 27.93401207], [34.91630237, 27.93401207], [34.91630237, 27.93396716], [34.9163922, 27.93396716], [34.9163922, 27.93392224], [34.91679644, 27.93392224], [34.91679644, 27.93396716], [34.91688627, 27.93396716], [34.91688627, 27.93392224], [34.9169761, 27.93392224], [34.9169761, 27.93405699], [34.91702102, 27.93405699], [34.91702102, 27.93410191], [34.91706594, 27.93410191], [34.91706594, 27.93405699], [34.91711085, 27.93405699], [34.91711085, 27.93401207], [34.91715577, 27.93401207], [34.91715577, 27.93396716], [34.9172456, 27.93396716], [34.9172456, 27.93392224], [34.91729051, 27.93392224], [34.91729051, 27.93387733], [34.91733543, 27.93387733], [34.91733543, 27.93392224], [34.91738035, 27.93392224], [34.91738035, 27.93387733], [34.91742526, 27.93387733], [34.91742526, 27.9337875], [34.91747018, 27.9337875], [34.91747018, 27.93369766], [34.91751509, 27.93369766], [34.91751509, 27.93365275], [34.91756001, 27.93365275], [34.91756001, 27.93360783], [34.91760493, 27.93360783], [34.91760493, 27.93356292], [34.91751509, 27.93356292], [34.91751509, 27.93347309], [34.91791934, 27.93347309], [34.91791934, 27.933518], [34.91814391, 27.933518], [34.91814391, 27.93356292], [34.91823375, 27.93356292], [34.91823375, 27.933518], [34.91827866, 27.933518], [34.91827866, 27.93342817], [34.91832358, 27.93342817], [34.91832358, 27.93338325], [34.91854816, 27.93338325], [34.91854816, 27.93342817], [34.91872782, 27.93342817], [34.91872782, 27.93338325], [34.91904223, 27.93338325], [34.91904223, 27.93333834], [34.91908715, 27.93333834], [34.91908715, 27.93329342], [34.91917698, 27.93329342], [34.91917698, 27.93324851], [34.91926681, 27.93324851], [34.91926681, 27.93311376], [34.91931172, 27.93311376], [34.91931172, 27.93306884], [34.91926681, 27.93306884], [34.91926681, 27.93302393], [34.91922189, 27.93302393], [34.91922189, 27.93297901], [34.91917698, 27.93297901], [34.91917698, 27.9329341], [34.91913206, 27.9329341], [34.91913206, 27.93297901], [34.9189524, 27.93297901], [34.9189524, 27.9329341], [34.91881765, 27.9329341], [34.91881765, 27.93284427], [34.91877274, 27.93284427], [34.91877274, 27.93279935], [34.91854816, 27.93279935], [34.91854816, 27.93284427], [34.91845832, 27.93284427], [34.91845832, 27.93288918], [34.918099, 27.93288918], [34.918099, 27.9329341], [34.91805408, 27.9329341], [34.91805408, 27.93288918], [34.91800917, 27.93288918], [34.91800917, 27.93297901], [34.91773967, 27.93297901], [34.91773967, 27.93302393], [34.91764984, 27.93302393], [34.91764984, 27.93306884], [34.91742526, 27.93306884], [34.91742526, 27.93311376], [34.9169761, 27.93311376], [34.9169761, 27.93302393], [34.91688627, 27.93302393], [34.91688627, 27.9329341], [34.91679644, 27.9329341], [34.91679644, 27.93284427], [34.91661678, 27.93284427], [34.91661678, 27.93275443], [34.91643712, 27.93275443], [34.91643712, 27.93261969], [34.9163922, 27.93261969], [34.9163922, 27.93257477], [34.91630237, 27.93257477], [34.91630237, 27.93252985], [34.91625745, 27.93252985], [34.91625745, 27.93248494], [34.91621254, 27.93248494], [34.91621254, 27.93244002], [34.91616762, 27.93244002], [34.91616762, 27.93239511], [34.91612271, 27.93239511], [34.91612271, 27.93235019], [34.91607779, 27.93235019], [34.91607779, 27.93230528], [34.91603287, 27.93230528], [34.91603287, 27.93226036], [34.91598796, 27.93226036], [34.91598796, 27.93221544], [34.91585321, 27.93221544], [34.91585321, 27.93217053], [34.91580829, 27.93217053], [34.91580829, 27.93212561], [34.91571846, 27.93212561], [34.91571846, 27.9320807], [34.91567355, 27.9320807], [34.91567355, 27.93203578], [34.91562863, 27.93203578], [34.91562863, 27.93199087], [34.9155388, 27.93199087], [34.9155388, 27.93194595], [34.91544897, 27.93194595], [34.91544897, 27.93190103], [34.91535914, 27.93190103], [34.91535914, 27.93185612], [34.91522439, 27.93185612], [34.91522439, 27.9318112], [34.91513456, 27.9318112], [34.91513456, 27.93176629], [34.91446082, 27.93176629], [34.91446082, 27.93172137], [34.91441591, 27.93172137], [34.91441591, 27.93176629], [34.91419133, 27.93176629], [34.91419133, 27.93172137], [34.91396675, 27.93172137], [34.91396675, 27.93167646], [34.913832, 27.93167646], [34.913832, 27.93163154], [34.91374217, 27.93163154], [34.91374217, 27.93149679], [34.91369725, 27.93149679], [34.91369725, 27.93145188], [34.91365234, 27.93145188], [34.91365234, 27.93140696], [34.91342776, 27.93140696], [34.91342776, 27.93149679], [34.91329301, 27.93149679], [34.91329301, 27.93145188], [34.91311335, 27.93145188], [34.91311335, 27.93140696], [34.91293369, 27.93140696], [34.91293369, 27.93136204], [34.91279894, 27.93136204], [34.91279894, 27.93131713], [34.91261928, 27.93131713], [34.91261928, 27.93127221], [34.91225995, 27.93127221], [34.91225995, 27.9312273], [34.91221503, 27.9312273], [34.91221503, 27.93118238], [34.91208029, 27.93118238], [34.91208029, 27.93113747], [34.91194554, 27.93113747], [34.91194554, 27.93109255], [34.91172096, 27.93109255], [34.91172096, 27.93104763], [34.91118197, 27.93104763], [34.91118197, 27.93109255], [34.91113706, 27.93109255], [34.91113706, 27.93104763], [34.91077773, 27.93104763], [34.91077773, 27.93109255], [34.91050823, 27.93109255], [34.91050823, 27.93113747], [34.91037349, 27.93113747], [34.91037349, 27.93118238], [34.91032857, 27.93118238], [34.91032857, 27.9312273], [34.90996925, 27.9312273], [34.90996925, 27.93131713], [34.91014891, 27.93131713], [34.91014891, 27.93140696], [34.91032857, 27.93140696], [34.91032857, 27.93149679], [34.91050823, 27.93149679], [34.91050823, 27.93158662], [34.91059807, 27.93158662], [34.91059807, 27.93167646], [34.9106879, 27.93167646], [34.9106879, 27.93194595], [34.91104722, 27.93194595], [34.91104722, 27.93212561], [34.91122689, 27.93212561], [34.91122689, 27.93221544], [34.91140655, 27.93221544], [34.91140655, 27.93230528], [34.91149638, 27.93230528], [34.91149638, 27.93239511], [34.91158621, 27.93239511], [34.91158621, 27.93248494], [34.91167604, 27.93248494], [34.91167604, 27.93244002], [34.91176588, 27.93244002], [34.91176588, 27.93239511], [34.91181079, 27.93239511], [34.91181079, 27.93235019], [34.91194554, 27.93235019], [34.91194554, 27.93239511], [34.91203537, 27.93239511], [34.91203537, 27.93235019], [34.91217012, 27.93235019], [34.91217012, 27.93230528], [34.91234978, 27.93230528], [34.91234978, 27.93235019], [34.9123947, 27.93235019], [34.9123947, 27.93239511], [34.91243961, 27.93239511], [34.91243961, 27.93244002], [34.91252944, 27.93244002], [34.91252944, 27.93248494], [34.91261928, 27.93248494], [34.91261928, 27.93252985], [34.91266419, 27.93252985], [34.91266419, 27.93257477], [34.91270911, 27.93257477], [34.91270911, 27.93261969], [34.91275402, 27.93261969], [34.91275402, 27.9326646], [34.91288877, 27.9326646], [34.91288877, 27.93270952], [34.91306843, 27.93270952], [34.91306843, 27.93275443], [34.91311335, 27.93275443], [34.91311335, 27.93288918], [34.91320318, 27.93288918], [34.91320318, 27.93297901], [34.91342776, 27.93297901], [34.91342776, 27.93284427], [34.91347267, 27.93284427], [34.91347267, 27.9329341], [34.91356251, 27.9329341], [34.91356251, 27.93297901], [34.91374217, 27.93297901], [34.91374217, 27.9329341], [34.91378709, 27.9329341], [34.91378709, 27.93297901], [34.91387692, 27.93297901], [34.91387692, 27.9329341], [34.91396675, 27.9329341], [34.91396675, 27.93297901], [34.91405658, 27.93297901], [34.91405658, 27.9329341], [34.9141015, 27.9329341], [34.9141015, 27.93288918], [34.91419133, 27.93288918], [34.91419133, 27.9329341], [34.91437099, 27.9329341], [34.91437099, 27.93297901], [34.91450574, 27.93297901], [34.91450574, 27.93302393], [34.91455065, 27.93302393], [34.91455065, 27.93306884], [34.91459557, 27.93306884], [34.91459557, 27.93311376], [34.9146854, 27.93311376], [34.9146854, 27.93320359], [34.91477523, 27.93320359], [34.91477523, 27.93324851], [34.91473032, 27.93324851], [34.91473032, 27.93329342], [34.91486506, 27.93329342], [34.91486506, 27.93338325], [34.9149549, 27.93338325], [34.9149549, 27.93347309], [34.91499981, 27.93347309], [34.91499981, 27.933518], [34.91504473, 27.933518], [34.91504473, 27.93369766], [34.91508964, 27.93369766], [34.91508964, 27.93374258], [34.91513456, 27.93374258], [34.91513456, 27.93369766], [34.91531422, 27.93369766], [34.91531422, 27.93356292], [34.91526931, 27.93356292], [34.91526931, 27.93347309], [34.91531422, 27.93347309], [34.91531422, 27.93333834], [34.91535914, 27.93333834], [34.91535914, 27.93329342], [34.91540405, 27.93329342], [34.91540405, 27.93320359], [34.91558372, 27.93320359], [34.91558372, 27.93324851], [34.91571846, 27.93324851], [34.91571846, 27.93329342], [34.91576338, 27.93329342], [34.91576338, 27.93324851], [34.91585321, 27.93324851], [34.91585321, 27.93311376], [34.91594304, 27.93311376], [34.91594304, 27.93297901], [34.91589813, 27.93297901], [34.91589813, 27.93302393], [34.91585321, 27.93302393], [34.91585321, 27.93275443], [34.91589813, 27.93275443], [34.91589813, 27.93284427], [34.91598796, 27.93284427], [34.91598796, 27.9329341], [34.91616762, 27.9329341], [34.91616762, 27.93306884], [34.91612271, 27.93306884], [34.91612271, 27.93311376], [34.91598796, 27.93311376], [34.91598796, 27.93320359], [34.91589813, 27.93320359], [34.91589813, 27.93329342], [34.91585321, 27.93329342], [34.91585321, 27.93347309], [34.91594304, 27.93347309], [34.91594304, 27.933518], [34.91589813, 27.933518], [34.91589813, 27.93356292], [34.91594304, 27.93356292], [34.91594304, 27.93360783], [34.91598796, 27.93360783], [34.91598796, 27.93356292], [34.91603287, 27.93356292], [34.91603287, 27.933518], [34.91607779, 27.933518], [34.91607779, 27.93347309], [34.91616762, 27.93347309], [34.91616762, 27.93356292], [34.91612271, 27.93356292], [34.91612271, 27.93365275], [34.91616762, 27.93365275], [34.91616762, 27.93392224], [34.91612271, 27.93392224], [34.91612271, 27.93410191], [34.91607779, 27.93410191], [34.91607779, 27.93414682], [34.91603287, 27.93414682], [34.91603287, 27.93441632], [34.91598796, 27.93441632], [34.91598796, 27.93459598]], [[34.91531422, 27.93244002], [34.91531422, 27.93239511], [34.91517947, 27.93239511], [34.91517947, 27.93226036], [34.91522439, 27.93226036], [34.91522439, 27.93221544], [34.91531422, 27.93221544], [34.91531422, 27.93226036], [34.91535914, 27.93226036], [34.91535914, 27.93244002], [34.91531422, 27.93244002]]]]}, "geometry_name": "geom", "properties": {"class_name": "Outer Reef Flat", "area_sqkm": 0.1044321486747563}}, {"type": "Feature", "id": "geomorphic_data_verbose.fid-4dbf5249_1a0dd400c2d_-38d4", "geometry": {"type": "MultiPolygon", "coordinates": [[[[34.9198058, 27.94344439], [34.91994054, 27.94344439], [34.91994054, 27.94326472], [34.91998546, 27.94326472], [34.91998546, 27.94317489], [34.91994054, 27.94317489], [34.91994054, 27.94308506], [34.91985071, 27.94308506], [34.91985071, 27.9429054], [34.91989563, 27.9429054], [34.91989563, 27.94272573], [34.91985071, 27.94272573], [34.91985071, 27.9426359], [34.91976088, 27.9426359], [34.91976088, 27.94232149], [34.91971597, 27.94232149], [34.91971597, 27.94223166], [34.91962613, 27.94223166], [34.91962613, 27.94218674], [34.9195363, 27.94218674], [34.9195363, 27.94223166], [34.91944647, 27.94223166], [34.91944647, 27.94232149], [34.91940156, 27.94232149], [34.91940156, 27.94259099], [34.91944647, 27.94259099], [34.91944647, 27.9426359], [34.91949139, 27.9426359], [34.91949139, 27.94286048], [34.9195363, 27.94286048], [34.9195363, 27.9429054], [34.91958122, 27.9429054], [34.91958122, 27.94304014], [34.91962613, 27.94304014], [34.91962613, 27.94308506], [34.91967105, 27.94308506], [34.91967105, 27.94321981], [34.91971597, 27.94321981], [34.91971597, 27.94326472], [34.91976088, 27.94326472], [34.91976088, 27.94339947], [34.9198058, 27.94339947], [34.9198058, 27.94344439]]]]}, "geometry_name": "geom", "properties": {"class_name": "Reef Slope", "area_sqkm": 0.004026400532661006}}, {"type": "Feature", "id": "geomorphic_data_verbose.fid-4dbf5249_1a0dd400c2d_-38d3", "geometry": {"type": "MultiPolygon", "coordinates": [[[[34.91508964, 27.94191725], [34.91540405, 27.94191725], [34.91540405, 27.94187233], [34.91544897, 27.94187233], [34.91544897, 27.94173759], [34.91535914, 27.94173759], [34.91535914, 27.94169267], [34.91531422, 27.94169267], [34.91531422, 27.94164775], [34.91517947, 27.94164775], [34.91517947, 27.94160284], [34.91513456, 27.94160284], [34.91513456, 27.94155792], [34.91499981, 27.94155792], [34.91499981, 27.94160284], [34.91490998, 27.94160284], [34.91490998, 27.9417825], [34.9149549, 27.9417825], [34.9149549, 27.94182742], [34.91499981, 27.94182742], [34.91499981, 27.94187233], [34.91508964, 27.94187233], [34.91508964, 27.94191725]]]]}, "geometry_name": "geom", "properties": {"class_name": "Reef Slope", "area_sqkm": 0.0014961628150958568}}, {"type": "Feature", "id": "geomorphic_data_verbose.fid-4dbf5249_1a0dd400c2d_-38d2", "geometry": {"type": "MultiPolygon", "coordinates": [[[[34.9146854, 27.94106385], [34.9149549, 27.94106385], [34.9149549, 27.94101893], [34.91504473, 27.94101893], [34.91504473, 27.94097402], [34.91508964, 27.94097402], [34.91508964, 27.9409291], [34.91513456, 27.9409291], [34.91513456, 27.94074944], [34.91508964, 27.94074944], [34.91508964, 27.94065961], [34.91477523, 27.94065961], [34.91477523, 27.94070452], [34.9146854, 27.94070452], [34.9146854, 27.94079436], [34.91464048, 27.94079436], [34.91464048, 27.94088419], [34.91459557, 27.94088419], [34.91459557, 27.94097402], [34.91464048, 27.94097402], [34.91464048, 27.94101893], [34.9146854, 27.94101893], [34.9146854, 27.94106385]]]]}, "geometry_name": "geom", "properties": {"class_name": "Reef Crest", "area_sqkm": 0.0018922209715936333}}, {"type": "Feature", "id": "geomorphic_data_verbose.fid-4dbf5249_1a0dd400c2d_-38d1", "geometry": {"type": "MultiPolygon", "coordinates": [[[[34.90844211, 27.94164775], [34.9087116, 27.94164775], [34.9087116, 27.94155792], [34.90889127, 27.94155792], [34.90889127, 27.94146809], [34.9089811, 27.94146809], [34.9089811, 27.94155792], [34.90907093, 27.94155792], [34.90907093, 27.94146809], [34.90925059, 27.94146809], [34.90925059, 27.94155792], [34.90952009, 27.94155792], [34.90952009, 27.94164775], [34.90969975, 27.94164775], [34.90969975, 27.94155792], [34.90996925, 27.94155792], [34.90996925, 27.94146809], [34.91005908, 27.94146809], [34.91005908, 27.94137826], [34.91014891, 27.94137826], [34.91014891, 27.94128843], [34.91032857, 27.94128843], [34.91032857, 27.9411986], [34.9104184, 27.9411986], [34.9104184, 27.94110877], [34.91050823, 27.94110877], [34.91050823, 27.94101893], [34.9106879, 27.94101893], [34.9106879, 27.9409291], [34.91086756, 27.9409291], [34.91086756, 27.94074944], [34.91122689, 27.94074944], [34.91122689, 27.94065961], [34.91131672, 27.94065961], [34.91131672, 27.94047995], [34.91122689, 27.94047995], [34.91122689, 27.94039011], [34.91095739, 27.94039011], [34.91095739, 27.94043503], [34.91091248, 27.94043503], [34.91091248, 27.94047995], [34.91082264, 27.94047995], [34.91082264, 27.94043503], [34.91077773, 27.94043503], [34.91077773, 27.94039011], [34.91086756, 27.94039011], [34.91086756, 27.94030028], [34.91077773, 27.94030028], [34.91077773, 27.94012062], [34.91050823, 27.94012062], [34.91050823, 27.94021045], [34.91055315, 27.94021045], [34.91055315, 27.94025537], [34.91050823, 27.94025537], [34.91050823, 27.94030028], [34.9104184, 27.94030028], [34.9104184, 27.94052486], [34.91032857, 27.94052486], [34.91032857, 27.94056978], [34.91023874, 27.94056978], [34.91023874, 27.94061469], [34.91019382, 27.94061469], [34.91019382, 27.94065961], [34.91014891, 27.94065961], [34.91014891, 27.94083927], [34.91005908, 27.94083927], [34.91005908, 27.9409291], [34.90969975, 27.9409291], [34.90969975, 27.94101893], [34.90952009, 27.94101893], [34.90952009, 27.94110877], [34.90943026, 27.94110877], [34.90943026, 27.9411986], [34.90934042, 27.9411986], [34.90934042, 27.94106385], [34.90938534, 27.94106385], [34.90938534, 27.94101893], [34.90943026, 27.94101893], [34.90943026, 27.94097402], [34.90934042, 27.94097402], [34.90934042, 27.94101893], [34.90925059, 27.94101893], [34.90925059, 27.94106385], [34.90916076, 27.94106385], [34.90916076, 27.94101893], [34.90911585, 27.94101893], [34.90911585, 27.94106385], [34.90907093, 27.94106385], [34.90907093, 27.94110877], [34.90902601, 27.94110877], [34.90902601, 27.94106385], [34.9089811, 27.94106385], [34.9089811, 27.94110877], [34.90889127, 27.94110877], [34.90889127, 27.94115368], [34.90884635, 27.94115368], [34.90884635, 27.9411986], [34.90875652, 27.9411986], [34.90875652, 27.94115368], [34.90866669, 27.94115368], [34.90866669, 27.94106385], [34.90862177, 27.94106385], [34.90862177, 27.94088419], [34.90857686, 27.94088419], [34.90857686, 27.94079436], [34.90862177, 27.94079436], [34.90862177, 27.94065961], [34.90866669, 27.94065961], [34.90866669, 27.94056978], [34.9087116, 27.94056978], [34.9087116, 27.94052486], [34.90875652, 27.94052486], [34.90875652, 27.94047995], [34.90884635, 27.94047995], [34.90884635, 27.94043503], [34.90893618, 27.94043503], [34.90893618, 27.94039011], [34.90902601, 27.94039011], [34.90902601, 27.94030028], [34.90907093, 27.94030028], [34.90907093, 27.94016553], [34.9089811, 27.94016553], [34.9089811, 27.94021045], [34.90893618, 27.94021045], [34.90893618, 27.94025537], [34.90884635, 27.94025537], [34.90884635, 27.9403452], [34.90875652, 27.9403452], [34.90875652, 27.94039011], [34.9087116, 27.94039011], [34.9087116, 27.94047995], [34.90862177, 27.94047995], [34.90862177, 27.94052486], [34.90853194, 27.94052486], [34.90853194, 27.94056978], [34.90848703, 27.94056978], [34.90848703, 27.94070452], [34.90844211, 27.94070452], [34.90844211, 27.94083927], [34.90839719, 27.94083927], [34.90839719, 27.94115368], [34.90835228, 27.94115368], [34.90835228, 27.94124351], [34.90817261, 27.94124351], [34.90817261, 27.94128843], [34.90848703, 27.94128843], [34.90848703, 27.94137826], [34.90853194, 27.94137826], [34.90853194, 27.94142318], [34.90848703, 27.94142318], [34.90848703, 27.94146809], [34.90817261, 27.94146809], [34.90817261, 27.94151301], [34.90826245, 27.94151301], [34.90826245, 27.94155792], [34.90839719, 27.94155792], [34.90839719, 27.94160284], [34.90844211, 27.94160284], [34.90844211, 27.94164775]], [[34.90987941, 27.94128843], [34.90987941, 27.94124351], [34.9098345, 27.94124351], [34.9098345, 27.9411986], [34.90978958, 27.9411986], [34.90978958, 27.94110877], [34.9098345, 27.94110877], [34.9098345, 27.94101893], [34.91005908, 27.94101893], [34.91005908, 27.9411986], [34.91001416, 27.9411986], [34.91001416, 27.94124351], [34.90992433, 27.94124351], [34.90992433, 27.94128843], [34.90987941, 27.94128843]]]]}, "geometry_name": "geom", "properties": {"class_name": "Reef Slope", "area_sqkm": 0.01854814514547959}}, {"type": "Feature", "id": "geomorphic_data_verbose.fid-4dbf5249_1a0dd400c2d_-38d0", "geometry": {"type": "MultiPolygon", "coordinates": [[[[34.91131672, 27.93908756], [34.91145147, 27.93908756], [34.91145147, 27.93904264], [34.91158621, 27.93904264], [34.91158621, 27.93899772], [34.91203537, 27.93899772], [34.91203537, 27.93904264], [34.91257436, 27.93904264], [34.91257436, 27.93872823], [34.91252944, 27.93872823], [34.91252944, 27.93868331], [34.91230487, 27.93868331], [34.91230487, 27.93872823], [34.91199045, 27.93872823], [34.91199045, 27.93877315], [34.91185571, 27.93877315], [34.91185571, 27.93881806], [34.9115413, 27.93881806], [34.9115413, 27.93886298], [34.91145147, 27.93886298], [34.91145147, 27.93890789], [34.91136163, 27.93890789], [34.91136163, 27.93895281], [34.91131672, 27.93895281], [34.91131672, 27.93908756]]]]}, "geometry_name": "geom", "properties": {"class_name": "Outer Reef Flat", "area_sqkm": 0.003476469197552651}}, {"type": "Feature", "id": "geomorphic_data_verbose.fid-4dbf5249_1a0dd400c2d_-38cf", "geometry": {"type": "MultiPolygon", "coordinates": [[[[34.91257436, 27.93904264], [34.91275402, 27.93904264], [34.91275402, 27.93899772], [34.91279894, 27.93899772], [34.91279894, 27.93881806], [34.91288877, 27.93881806], [34.91288877, 27.93877315], [34.91293369, 27.93877315], [34.91293369, 27.93868331], [34.9129786, 27.93868331], [34.9129786, 27.9386384], [34.91284385, 27.9386384], [34.91284385, 27.93868331], [34.91279894, 27.93868331], [34.91279894, 27.9386384], [34.91266419, 27.9386384], [34.91266419, 27.93868331], [34.91257436, 27.93868331], [34.91257436, 27.93904264]]]]}, "geometry_name": "geom", "properties": {"class_name": "Sheltered Reef Slope", "area_sqkm": 0.0011661578135471792}}, {"type": "Feature", "id": "geomorphic_data_verbose.fid-4dbf5249_1a0dd400c2d_-38ce", "geometry": {"type": "MultiPolygon", "coordinates": [[[[34.9149549, 27.93800958], [34.91499981, 27.93800958], [34.91499981, 27.93796466], [34.91504473, 27.93796466], [34.91504473, 27.93791975], [34.91508964, 27.93791975], [34.91508964, 27.93787483], [34.91513456, 27.93787483], [34.91513456, 27.937785], [34.91517947, 27.937785], [34.91517947, 27.93769517], [34.91513456, 27.93769517], [34.91513456, 27.93765025], [34.91508964, 27.93765025], [34.91508964, 27.93760534], [34.9149549, 27.93760534], [34.9149549, 27.93765025], [34.91490998, 27.93765025], [34.91490998, 27.93774008], [34.91486506, 27.93774008], [34.91486506, 27.937785], [34.91490998, 27.937785], [34.91490998, 27.93787483], [34.91486506, 27.93787483], [34.91486506, 27.93791975], [34.91490998, 27.93791975], [34.91490998, 27.93796466], [34.9149549, 27.93796466], [34.9149549, 27.93800958]]]]}, "geometry_name": "geom", "properties": {"class_name": "Reef Slope", "area_sqkm": 0.0008801273166462779}}, {"type": "Feature", "id": "geomorphic_data_verbose.fid-4dbf5249_1a0dd400c2d_-38cd", "geometry": {"type": "MultiPolygon", "coordinates": [[[[34.90664548, 27.94187233], [34.90682514, 27.94187233], [34.90682514, 27.94182742], [34.90718447, 27.94182742], [34.90718447, 27.94187233], [34.90736413, 27.94187233], [34.90736413, 27.94182742], [34.90754379, 27.94182742], [34.90754379, 27.9417825], [34.90772346, 27.9417825], [34.90772346, 27.94173759], [34.90781329, 27.94173759], [34.90781329, 27.94164775], [34.90790312, 27.94164775], [34.90790312, 27.94160284], [34.90781329, 27.94160284], [34.90781329, 27.94151301], [34.9078582, 27.94151301], [34.9078582, 27.94142318], [34.90790312, 27.94142318], [34.90790312, 27.94137826], [34.90794804, 27.94137826], [34.90794804, 27.94133334], [34.90803787, 27.94133334], [34.90803787, 27.94128843], [34.90817261, 27.94128843], [34.90817261, 27.94124351], [34.90835228, 27.94124351], [34.90835228, 27.94115368], [34.90839719, 27.94115368], [34.90839719, 27.94083927], [34.90844211, 27.94083927], [34.90844211, 27.94070452], [34.90848703, 27.94070452], [34.90848703, 27.94056978], [34.90853194, 27.94056978], [34.90853194, 27.94052486], [34.90844211, 27.94052486], [34.90844211, 27.94056978], [34.90835228, 27.94056978], [34.90835228, 27.94061469], [34.90830736, 27.94061469], [34.90830736, 27.94052486], [34.90835228, 27.94052486], [34.90835228, 27.94043503], [34.90839719, 27.94043503], [34.90839719, 27.94039011], [34.90844211, 27.94039011], [34.90844211, 27.94025537], [34.90830736, 27.94025537], [34.90830736, 27.94016553], [34.90835228, 27.94016553], [34.90835228, 27.9400757], [34.90808278, 27.9400757], [34.90808278, 27.94012062], [34.90803787, 27.94012062], [34.90803787, 27.94016553], [34.90799295, 27.94016553], [34.90799295, 27.94021045], [34.90772346, 27.94021045], [34.90772346, 27.94016553], [34.90767854, 27.94016553], [34.90767854, 27.94003079], [34.90763363, 27.94003079], [34.90763363, 27.93998587], [34.90758871, 27.93998587], [34.90758871, 27.93994096], [34.90754379, 27.93994096], [34.90754379, 27.93989604], [34.90749888, 27.93989604], [34.90749888, 27.93985112], [34.90745396, 27.93985112], [34.90745396, 27.93980621], [34.90736413, 27.93980621], [34.90736413, 27.93985112], [34.9072743, 27.93985112], [34.9072743, 27.93980621], [34.9070048, 27.93980621], [34.9070048, 27.93985112], [34.90695989, 27.93985112], [34.90695989, 27.93976129], [34.9070048, 27.93976129], [34.9070048, 27.93971638], [34.90704972, 27.93971638], [34.90704972, 27.93967146], [34.90709464, 27.93967146], [34.90709464, 27.93962655], [34.9070048, 27.93962655], [34.9070048, 27.9394918], [34.90687006, 27.9394918], [34.90687006, 27.93944688], [34.90664548, 27.93944688], [34.90664548, 27.9394918], [34.90669039, 27.9394918], [34.90669039, 27.93958163], [34.90673531, 27.93958163], [34.90673531, 27.93967146], [34.90669039, 27.93967146], [34.90669039, 27.93962655], [34.90655565, 27.93962655], [34.90655565, 27.93958163], [34.90651073, 27.93958163], [34.90651073, 27.93962655], [34.9064209, 27.93962655], [34.9064209, 27.93967146], [34.90637598, 27.93967146], [34.90637598, 27.93940197], [34.90624124, 27.93940197], [34.90624124, 27.93935705], [34.90619632, 27.93935705], [34.90619632, 27.93926722], [34.90606157, 27.93926722], [34.90606157, 27.93913247], [34.90619632, 27.93913247], [34.90619632, 27.93908756], [34.90628615, 27.93908756], [34.90628615, 27.93899772], [34.90633107, 27.93899772], [34.90633107, 27.93904264], [34.9064209, 27.93904264], [34.9064209, 27.93899772], [34.90646582, 27.93899772], [34.90646582, 27.93881806], [34.9064209, 27.93881806], [34.9064209, 27.93877315], [34.90646582, 27.93877315], [34.90646582, 27.93872823], [34.90651073, 27.93872823], [34.90651073, 27.93868331], [34.90655565, 27.93868331], [34.90655565, 27.9386384], [34.90664548, 27.9386384], [34.90664548, 27.93859348], [34.90669039, 27.93859348], [34.90669039, 27.93854857], [34.90678023, 27.93854857], [34.90678023, 27.93850365], [34.90682514, 27.93850365], [34.90682514, 27.93845874], [34.90687006, 27.93845874], [34.90687006, 27.93841382], [34.90718447, 27.93841382], [34.90718447, 27.93845874], [34.90736413, 27.93845874], [34.90736413, 27.93841382], [34.90754379, 27.93841382], [34.90754379, 27.9383689], [34.90758871, 27.9383689], [34.90758871, 27.93832399], [34.90763363, 27.93832399], [34.90763363, 27.93823416], [34.90754379, 27.93823416], [34.90754379, 27.93827907], [34.90749888, 27.93827907], [34.90749888, 27.93818924], [34.90745396, 27.93818924], [34.90745396, 27.93823416], [34.90718447, 27.93823416], [34.90718447, 27.93832399], [34.9070048, 27.93832399], [34.9070048, 27.93823416], [34.90682514, 27.93823416], [34.90682514, 27.93832399], [34.90646582, 27.93832399], [34.90646582, 27.93859348], [34.90637598, 27.93859348], [34.90637598, 27.93868331], [34.90610649, 27.93868331], [34.90610649, 27.93859348], [34.9055675, 27.93859348], [34.9055675, 27.93895281], [34.90538784, 27.93895281], [34.90538784, 27.93908756], [34.90543275, 27.93908756], [34.90543275, 27.93917739], [34.90547767, 27.93917739], [34.90547767, 27.9392223], [34.90543275, 27.9392223], [34.90543275, 27.93926722], [34.90529801, 27.93926722], [34.90529801, 27.9392223], [34.90525309, 27.9392223], [34.90525309, 27.93917739], [34.90520817, 27.93917739], [34.90520817, 27.93913247], [34.90511834, 27.93913247], [34.90511834, 27.93908756], [34.90484885, 27.93908756], [34.90484885, 27.93904264], [34.90457935, 27.93904264], [34.90457935, 27.93895281], [34.90448952, 27.93895281], [34.90448952, 27.93877315], [34.90439969, 27.93877315], [34.90439969, 27.93841382], [34.90430986, 27.93841382], [34.90430986, 27.93832399], [34.90422003, 27.93832399], [34.90422003, 27.93805449], [34.9041302, 27.93805449], [34.9041302, 27.93769517], [34.90395053, 27.93769517], [34.90395053, 27.9375155], [34.9038607, 27.9375155], [34.9038607, 27.93724601], [34.90377087, 27.93724601], [34.90377087, 27.93715618], [34.90368104, 27.93715618], [34.90368104, 27.93706635], [34.90359121, 27.93706635], [34.90359121, 27.93661719], [34.90350138, 27.93661719], [34.90350138, 27.93652736], [34.90341154, 27.93652736], [34.90341154, 27.93643753], [34.90323188, 27.93643753], [34.90323188, 27.93634769], [34.90314205, 27.93634769], [34.90314205, 27.93648244], [34.90318696, 27.93648244], [34.90318696, 27.93657227], [34.90323188, 27.93657227], [34.90323188, 27.93670702], [34.9032768, 27.93670702], [34.9032768, 27.93679685], [34.90336663, 27.93679685], [34.90336663, 27.93684177], [34.90341154, 27.93684177], [34.90341154, 27.9369316], [34.90345646, 27.9369316], [34.90345646, 27.93706635], [34.90350138, 27.93706635], [34.90350138, 27.93715618], [34.90354629, 27.93715618], [34.90354629, 27.93724601], [34.90359121, 27.93724601], [34.90359121, 27.93733584], [34.90363612, 27.93733584], [34.90363612, 27.93738076], [34.90368104, 27.93738076], [34.90368104, 27.9375155], [34.90372595, 27.9375155], [34.90372595, 27.93760534], [34.90377087, 27.93760534], [34.90377087, 27.93765025], [34.90381579, 27.93765025], [34.90381579, 27.93774008], [34.9038607, 27.93774008], [34.9038607, 27.93791975], [34.90381579, 27.93791975], [34.90381579, 27.93796466], [34.9038607, 27.93796466], [34.9038607, 27.93832399], [34.90390562, 27.93832399], [34.90390562, 27.93841382], [34.90395053, 27.93841382], [34.90395053, 27.93850365], [34.90408528, 27.93850365], [34.90408528, 27.93859348], [34.9041302, 27.93859348], [34.9041302, 27.93886298], [34.90422003, 27.93886298], [34.90422003, 27.93913247], [34.90430986, 27.93913247], [34.90430986, 27.93940197], [34.90439969, 27.93940197], [34.90439969, 27.93967146], [34.90448952, 27.93967146], [34.90448952, 27.93976129], [34.90475902, 27.93976129], [34.90475902, 27.93985112], [34.90480393, 27.93985112], [34.90480393, 27.93989604], [34.90484885, 27.93989604], [34.90484885, 27.93994096], [34.90489376, 27.93994096], [34.90489376, 27.93998587], [34.90493868, 27.93998587], [34.90493868, 27.94003079], [34.9049836, 27.94003079], [34.9049836, 27.9400757], [34.90502851, 27.9400757], [34.90502851, 27.94021045], [34.90507343, 27.94021045], [34.90507343, 27.9403452], [34.90516326, 27.9403452], [34.90516326, 27.94039011], [34.90520817, 27.94039011], [34.90520817, 27.94043503], [34.90516326, 27.94043503], [34.90516326, 27.94047995], [34.90520817, 27.94047995], [34.90520817, 27.94052486], [34.90525309, 27.94052486], [34.90525309, 27.94061469], [34.90529801, 27.94061469], [34.90529801, 27.94065961], [34.90538784, 27.94065961], [34.90538784, 27.94070452], [34.90543275, 27.94070452], [34.90543275, 27.94074944], [34.90552258, 27.94074944], [34.90552258, 27.94079436], [34.90561242, 27.94079436], [34.90561242, 27.94083927], [34.90565733, 27.94083927], [34.90565733, 27.94088419], [34.90561242, 27.94088419], [34.90561242, 27.9409291], [34.90565733, 27.9409291], [34.90565733, 27.94097402], [34.90570225, 27.94097402], [34.90570225, 27.94101893], [34.90574716, 27.94101893], [34.90574716, 27.94110877], [34.905837, 27.94110877], [34.905837, 27.94115368], [34.90601666, 27.94115368], [34.90601666, 27.94124351], [34.90606157, 27.94124351], [34.90606157, 27.94128843], [34.90615141, 27.94128843], [34.90615141, 27.94133334], [34.90619632, 27.94133334], [34.90619632, 27.94137826], [34.90624124, 27.94137826], [34.90624124, 27.94151301], [34.90633107, 27.94151301], [34.90633107, 27.94155792], [34.90637598, 27.94155792], [34.90637598, 27.94160284], [34.9064209, 27.94160284], [34.9064209, 27.9417825], [34.90646582, 27.9417825], [34.90646582, 27.94182742], [34.90664548, 27.94182742], [34.90664548, 27.94187233]], [[34.90565733, 27.93967146], [34.90565733, 27.93962655], [34.90561242, 27.93962655], [34.90561242, 27.93958163], [34.90565733, 27.93958163], [34.90565733, 27.93953671], [34.90561242, 27.93953671], [34.90561242, 27.93944688], [34.90565733, 27.93944688], [34.90565733, 27.93940197], [34.90570225, 27.93940197], [34.90570225, 27.9394918], [34.90574716, 27.9394918], [34.90574716, 27.93953671], [34.90579208, 27.93953671], [34.90579208, 27.93967146], [34.90565733, 27.93967146]]]]}, "geometry_name": "geom", "properties": {"class_name": "Outer Reef Flat", "area_sqkm": 0.08675678123937361}}, {"type": "Feature", "id": "geomorphic_data_verbose.fid-4dbf5249_1a0dd400c2d_-38cc", "geometry": {"type": "MultiPolygon", "coordinates": [[[[34.91347267, 27.93630278], [34.91369725, 27.93630278], [34.91369725, 27.93625786], [34.91378709, 27.93625786], [34.91378709, 27.93621295], [34.913832, 27.93621295], [34.913832, 27.93616803], [34.91387692, 27.93616803], [34.91387692, 27.93612312], [34.91392183, 27.93612312], [34.91392183, 27.93598837], [34.91396675, 27.93598837], [34.91396675, 27.93603328], [34.91401166, 27.93603328], [34.91401166, 27.93598837], [34.91405658, 27.93598837], [34.91405658, 27.93589854], [34.91414641, 27.93589854], [34.91414641, 27.93585362], [34.91419133, 27.93585362], [34.91419133, 27.93580871], [34.91428116, 27.93580871], [34.91428116, 27.93576379], [34.91432607, 27.93576379], [34.91432607, 27.93571887], [34.91437099, 27.93571887], [34.91437099, 27.93562904], [34.91446082, 27.93562904], [34.91446082, 27.93558413], [34.91450574, 27.93558413], [34.91450574, 27.93553921], [34.91455065, 27.93553921], [34.91455065, 27.93544938], [34.91459557, 27.93544938], [34.91459557, 27.93531463], [34.91455065, 27.93531463], [34.91455065, 27.93526972], [34.91446082, 27.93526972], [34.91446082, 27.93531463], [34.91441591, 27.93531463], [34.91441591, 27.93535955], [34.91437099, 27.93535955], [34.91437099, 27.93540446], [34.91432607, 27.93540446], [34.91432607, 27.93544938], [34.91428116, 27.93544938], [34.91428116, 27.9354943], [34.91423624, 27.9354943], [34.91423624, 27.93553921], [34.91414641, 27.93553921], [34.91414641, 27.93558413], [34.91405658, 27.93558413], [34.91405658, 27.93562904], [34.91392183, 27.93562904], [34.91392183, 27.93567396], [34.913832, 27.93567396], [34.913832, 27.93571887], [34.91374217, 27.93571887], [34.91374217, 27.93576379], [34.91369725, 27.93576379], [34.91369725, 27.93580871], [34.91360742, 27.93580871], [34.91360742, 27.93585362], [34.91356251, 27.93585362], [34.91356251, 27.93589854], [34.91351759, 27.93589854], [34.91351759, 27.93603328], [34.91342776, 27.93603328], [34.91342776, 27.9360782], [34.91338284, 27.9360782], [34.91338284, 27.93621295], [34.91342776, 27.93621295], [34.91342776, 27.93625786], [34.91347267, 27.93625786], [34.91347267, 27.93630278]]]]}, "geometry_name": "geom", "properties": {"class_name": "Terrestrial Reef Flat", "area_sqkm": 0.004664757208643481}}], "totalFeatures": 58, "numberMatched": 58, "numberReturned": 58, "timeStamp": "2026-09-26T15:01:31.519Z", "crs": {"type": "name", "properties": {"name": "urn:ogc:def:crs:EPSG::4326"}}}