{"type": "FeatureCollection", "features": [{"type": "Feature", "id": "benthic_data_verbose.fid-4dbf5249_1a0dd400c2d_-3999", "geometry": {"type": "MultiPolygon", "coordinates": [[[[34.90907093, 27.94106385], [34.90916076, 27.94106385], [34.90916076, 27.94101893], [34.90920568, 27.94101893], [34.90920568, 27.94097402], [34.90916076, 27.94097402], [34.90916076, 27.9409291], [34.90907093, 27.9409291], [34.90907093, 27.94106385]]]]}, "geometry_name": "geom", "properties": {"class_name": "Rock", "area_sqkm": 0.0001540178033616394}}, {"type": "Feature", "id": "benthic_data_verbose.fid-4dbf5249_1a0dd400c2d_-3998", "geometry": {"type": "MultiPolygon", "coordinates": [[[[34.90907093, 27.94088419], [34.90911585, 27.94088419], [34.90911585, 27.94083927], [34.90907093, 27.94083927], [34.90907093, 27.94088419]]]]}, "geometry_name": "geom", "properties": {"class_name": "Coral/Algae", "area_sqkm": 2.2002570211887358e-05}}, {"type": "Feature", "id": "benthic_data_verbose.fid-4dbf5249_1a0dd400c2d_-3997", "geometry": {"type": "MultiPolygon", "coordinates": [[[[34.90866669, 27.94097402], [34.9087116, 27.94097402], [34.9087116, 27.9409291], [34.90866669, 27.9409291], [34.90866669, 27.94097402]]]]}, "geometry_name": "geom", "properties": {"class_name": "Rubble", "area_sqkm": 2.2002552296966313e-05}}, {"type": "Feature", "id": "benthic_data_verbose.fid-4dbf5249_1a0dd400c2d_-3996", "geometry": {"type": "MultiPolygon", "coordinates": [[[[34.90866669, 27.9409291], [34.9087116, 27.9409291], [34.9087116, 27.94088419], [34.90875652, 27.94088419], [34.90875652, 27.94083927], [34.90866669, 27.94083927], [34.90866669, 27.9409291]]]]}, "geometry_name": "geom", "properties": {"class_name": "Rock", "area_sqkm": 6.600769808515906e-05}}, {"type": "Feature", "id": "benthic_data_verbose.fid-4dbf5249_1a0dd400c2d_-3995", "geometry": {"type": "MultiPolygon", "coordinates": [[[[34.9087116, 27.9409291], [34.90880144, 27.9409291], [34.90880144, 27.94083927], [34.90875652, 27.94083927], [34.90875652, 27.94088419], [34.9087116, 27.94088419], [34.9087116, 27.9409291]]]]}, "geometry_name": "geom", "properties": {"class_name": "Rubble", "area_sqkm": 6.60076963044703e-05}}, {"type": "Feature", "id": "benthic_data_verbose.fid-4dbf5249_1a0dd400c2d_-3994", "geometry": {"type": "MultiPolygon", "coordinates": [[[[34.90592683, 27.94088419], [34.90601666, 27.94088419], [34.90601666, 27.94079436], [34.90592683, 27.94079436], [34.90592683, 27.94088419]]]]}, "geometry_name": "geom", "properties": {"class_name": "Coral/Algae", "area_sqkm": 8.801029875129461e-05}}, {"type": "Feature", "id": "benthic_data_verbose.fid-4dbf5249_1a0dd400c2d_-3993", "geometry": {"type": "MultiPolygon", "coordinates": [[[[34.90808278, 27.94164775], [34.9081277, 27.94164775], [34.9081277, 27.94160284], [34.90817261, 27.94160284], [34.90817261, 27.94155792], [34.90821753, 27.94155792], [34.90821753, 27.94151301], [34.90826245, 27.94151301], [34.90826245, 27.94146809], [34.90848703, 27.94146809], [34.90848703, 27.94142318], [34.90857686, 27.94142318], [34.90857686, 27.94137826], [34.90866669, 27.94137826], [34.90866669, 27.94142318], [34.90875652, 27.94142318], [34.90875652, 27.94146809], [34.90880144, 27.94146809], [34.90880144, 27.94142318], [34.90884635, 27.94142318], [34.90884635, 27.94137826], [34.90889127, 27.94137826], [34.90889127, 27.94133334], [34.90884635, 27.94133334], [34.90884635, 27.9411986], [34.90889127, 27.9411986], [34.90889127, 27.94115368], [34.90902601, 27.94115368], [34.90902601, 27.94110877], [34.90911585, 27.94110877], [34.90911585, 27.94115368], [34.90916076, 27.94115368], [34.90916076, 27.94124351], [34.90920568, 27.94124351], [34.90920568, 27.9411986], [34.90938534, 27.9411986], [34.90938534, 27.94115368], [34.90943026, 27.94115368], [34.90943026, 27.94110877], [34.90938534, 27.94110877], [34.90938534, 27.94106385], [34.90934042, 27.94106385], [34.90934042, 27.94097402], [34.90943026, 27.94097402], [34.90943026, 27.94101893], [34.90947517, 27.94101893], [34.90947517, 27.94106385], [34.90974467, 27.94106385], [34.90974467, 27.94101893], [34.91005908, 27.94101893], [34.91005908, 27.94097402], [34.91010399, 27.94097402], [34.91010399, 27.9409291], [34.91014891, 27.9409291], [34.91014891, 27.94088419], [34.91019382, 27.94088419], [34.91019382, 27.94083927], [34.91023874, 27.94083927], [34.91023874, 27.94074944], [34.91014891, 27.94074944], [34.91014891, 27.94065961], [34.91010399, 27.94065961], [34.91010399, 27.94061469], [34.91005908, 27.94061469], [34.91005908, 27.94056978], [34.90987941, 27.94056978], [34.90987941, 27.94061469], [34.9098345, 27.94061469], [34.9098345, 27.94070452], [34.90960992, 27.94070452], [34.90960992, 27.94074944], [34.90952009, 27.94074944], [34.90952009, 27.94083927], [34.90938534, 27.94083927], [34.90938534, 27.94079436], [34.90929551, 27.94079436], [34.90929551, 27.94097402], [34.90920568, 27.94097402], [34.90920568, 27.94101893], [34.90916076, 27.94101893], [34.90916076, 27.94106385], [34.90907093, 27.94106385], [34.90907093, 27.9409291], [34.9089811, 27.9409291], [34.9089811, 27.94097402], [34.90889127, 27.94097402], [34.90889127, 27.9409291], [34.90884635, 27.9409291], [34.90884635, 27.94097402], [34.90880144, 27.94097402], [34.90880144, 27.94110877], [34.90875652, 27.94110877], [34.90875652, 27.94115368], [34.90866669, 27.94115368], [34.90866669, 27.9411986], [34.90862177, 27.9411986], [34.90862177, 27.94124351], [34.90835228, 27.94124351], [34.90835228, 27.94128843], [34.90830736, 27.94128843], [34.90830736, 27.94133334], [34.90826245, 27.94133334], [34.90826245, 27.94137826], [34.90817261, 27.94137826], [34.90817261, 27.94142318], [34.90808278, 27.94142318], [34.90808278, 27.94146809], [34.90794804, 27.94146809], [34.90794804, 27.94151301], [34.90790312, 27.94151301], [34.90790312, 27.94160284], [34.90808278, 27.94160284], [34.90808278, 27.94164775]]]]}, "geometry_name": "geom", "properties": {"class_name": "Coral/Algae", "area_sqkm": 0.006270721410505473}}, {"type": "Feature", "id": "benthic_data_verbose.fid-4dbf5249_1a0dd400c2d_-3992", "geometry": {"type": "MultiPolygon", "coordinates": [[[[34.9146854, 27.94106385], [34.9149549, 27.94106385], [34.9149549, 27.94101893], [34.91504473, 27.94101893], [34.91504473, 27.94097402], [34.91508964, 27.94097402], [34.91508964, 27.9409291], [34.91513456, 27.9409291], [34.91513456, 27.94074944], [34.91508964, 27.94074944], [34.91508964, 27.94065961], [34.91504473, 27.94065961], [34.91504473, 27.94070452], [34.91499981, 27.94070452], [34.91499981, 27.94074944], [34.9149549, 27.94074944], [34.9149549, 27.94079436], [34.91486506, 27.94079436], [34.91486506, 27.94083927], [34.91482015, 27.94083927], [34.91482015, 27.94088419], [34.91464048, 27.94088419], [34.91464048, 27.94083927], [34.91455065, 27.94083927], [34.91455065, 27.94079436], [34.91450574, 27.94079436], [34.91450574, 27.94065961], [34.91455065, 27.94065961], [34.91455065, 27.94061469], [34.91464048, 27.94061469], [34.91464048, 27.94056978], [34.9146854, 27.94056978], [34.9146854, 27.94052486], [34.91473032, 27.94052486], [34.91473032, 27.94056978], [34.91490998, 27.94056978], [34.91490998, 27.94052486], [34.9149549, 27.94052486], [34.9149549, 27.94047995], [34.91486506, 27.94047995], [34.91486506, 27.94043503], [34.91464048, 27.94043503], [34.91464048, 27.94047995], [34.91450574, 27.94047995], [34.91450574, 27.94056978], [34.91446082, 27.94056978], [34.91446082, 27.94065961], [34.91441591, 27.94065961], [34.91441591, 27.94070452], [34.91437099, 27.94070452], [34.91437099, 27.94083927], [34.91441591, 27.94083927], [34.91441591, 27.94088419], [34.91450574, 27.94088419], [34.91450574, 27.9409291], [34.91459557, 27.9409291], [34.91459557, 27.94097402], [34.91464048, 27.94097402], [34.91464048, 27.94101893], [34.9146854, 27.94101893], [34.9146854, 27.94106385]]]]}, "geometry_name": "geom", "properties": {"class_name": "Coral/Algae", "area_sqkm": 0.002332274088509381}}, {"type": "Feature", "id": "benthic_data_verbose.fid-4dbf5249_1a0dd400c2d_-3991", "geometry": {"type": "MultiPolygon", "coordinates": [[[[34.91464048, 27.94088419], [34.91482015, 27.94088419], [34.91482015, 27.94083927], [34.91486506, 27.94083927], [34.91486506, 27.94079436], [34.9149549, 27.94079436], [34.9149549, 27.94074944], [34.91499981, 27.94074944], [34.91499981, 27.94070452], [34.91504473, 27.94070452], [34.91504473, 27.94056978], [34.91499981, 27.94056978], [34.91499981, 27.94052486], [34.91490998, 27.94052486], [34.91490998, 27.94056978], [34.91473032, 27.94056978], [34.91473032, 27.94052486], [34.9146854, 27.94052486], [34.9146854, 27.94056978], [34.91464048, 27.94056978], [34.91464048, 27.94061469], [34.91455065, 27.94061469], [34.91455065, 27.94065961], [34.91450574, 27.94065961], [34.91450574, 27.94079436], [34.91455065, 27.94079436], [34.91455065, 27.94083927], [34.91464048, 27.94083927], [34.91464048, 27.94088419]]]]}, "geometry_name": "geom", "properties": {"class_name": "Rock", "area_sqkm": 0.0014741743357591331}}, {"type": "Feature", "id": "benthic_data_verbose.fid-4dbf5249_1a0dd400c2d_-3990", "geometry": {"type": "MultiPolygon", "coordinates": [[[[34.90920568, 27.94065961], [34.90925059, 27.94065961], [34.90925059, 27.94061469], [34.90920568, 27.94061469], [34.90920568, 27.94065961]]]]}, "geometry_name": "geom", "properties": {"class_name": "Rock", "area_sqkm": 2.2002614993602038e-05}}, {"type": "Feature", "id": "benthic_data_verbose.fid-4dbf5249_1a0dd400c2d_-398f", "geometry": {"type": "MultiPolygon", "coordinates": [[[[34.90718447, 27.94061469], [34.90722938, 27.94061469], [34.90722938, 27.94052486], [34.90718447, 27.94052486], [34.90718447, 27.94061469]]]]}, "geometry_name": "geom", "properties": {"class_name": "Coral/Algae", "area_sqkm": 4.4005256861448286e-05}}, {"type": "Feature", "id": "benthic_data_verbose.fid-4dbf5249_1a0dd400c2d_-398e", "geometry": {"type": "MultiPolygon", "coordinates": [[[[34.90943026, 27.94003079], [34.90952009, 27.94003079], [34.90952009, 27.93998587], [34.90960992, 27.93998587], [34.90960992, 27.93989604], [34.90965483, 27.93989604], [34.90965483, 27.93985112], [34.90952009, 27.93985112], [34.90952009, 27.93989604], [34.90934042, 27.93989604], [34.90934042, 27.93994096], [34.90938534, 27.93994096], [34.90938534, 27.93998587], [34.90943026, 27.93998587], [34.90943026, 27.94003079]]]]}, "geometry_name": "geom", "properties": {"class_name": "Rock", "area_sqkm": 0.0003520440359953791}}, {"type": "Feature", "id": "benthic_data_verbose.fid-4dbf5249_1a0dd400c2d_-398d", "geometry": {"type": "MultiPolygon", "coordinates": [[[[34.90965483, 27.93985112], [34.90969975, 27.93985112], [34.90969975, 27.93980621], [34.90965483, 27.93980621], [34.90965483, 27.93985112]]]]}, "geometry_name": "geom", "properties": {"class_name": "Rock", "area_sqkm": 2.200277621485293e-05}}, {"type": "Feature", "id": "benthic_data_verbose.fid-4dbf5249_1a0dd400c2d_-398c", "geometry": {"type": "MultiPolygon", "coordinates": [[[[34.90601666, 27.94012062], [34.90610649, 27.94012062], [34.90610649, 27.9400757], [34.90606157, 27.9400757], [34.90606157, 27.94003079], [34.90601666, 27.94003079], [34.90601666, 27.94012062]]]]}, "geometry_name": "geom", "properties": {"class_name": "Coral/Algae", "area_sqkm": 6.600817996822298e-05}}, {"type": "Feature", "id": "benthic_data_verbose.fid-4dbf5249_1a0dd400c2d_-398b", "geometry": {"type": "MultiPolygon", "coordinates": [[[[34.90776837, 27.9394918], [34.90781329, 27.9394918], [34.90781329, 27.93940197], [34.90776837, 27.93940197], [34.90776837, 27.9394918]]]]}, "geometry_name": "geom", "properties": {"class_name": "Rock", "area_sqkm": 4.400570468790829e-05}}, {"type": "Feature", "id": "benthic_data_verbose.fid-4dbf5249_1a0dd400c2d_-398a", "geometry": {"type": "MultiPolygon", "coordinates": [[[[34.91208029, 27.93935705], [34.9121252, 27.93935705], [34.9121252, 27.93931214], [34.91208029, 27.93931214], [34.91208029, 27.93935705]]]]}, "geometry_name": "geom", "properties": {"class_name": "Rock", "area_sqkm": 2.2002874735742807e-05}}, {"type": "Feature", "id": "benthic_data_verbose.fid-4dbf5249_1a0dd400c2d_-3989", "geometry": {"type": "MultiPolygon", "coordinates": [[[[34.91176588, 27.93908756], [34.91181079, 27.93908756], [34.91181079, 27.93904264], [34.91176588, 27.93904264], [34.91176588, 27.93908756]]]]}, "geometry_name": "geom", "properties": {"class_name": "Coral/Algae", "area_sqkm": 2.2002928478643298e-05}}, {"type": "Feature", "id": "benthic_data_verbose.fid-4dbf5249_1a0dd400c2d_-3988", "geometry": {"type": "MultiPolygon", "coordinates": [[[[34.91230487, 27.93967146], [34.9123947, 27.93967146], [34.9123947, 27.9394918], [34.91243961, 27.9394918], [34.91243961, 27.93940197], [34.91284385, 27.93940197], [34.91284385, 27.93944688], [34.9129786, 27.93944688], [34.9129786, 27.93940197], [34.91311335, 27.93940197], [34.91311335, 27.93935705], [34.91315826, 27.93935705], [34.91315826, 27.93931214], [34.91320318, 27.93931214], [34.91320318, 27.93917739], [34.9132481, 27.93917739], [34.9132481, 27.93913247], [34.91356251, 27.93913247], [34.91356251, 27.93908756], [34.91360742, 27.93908756], [34.91360742, 27.93904264], [34.91365234, 27.93904264], [34.91365234, 27.93890789], [34.91369725, 27.93890789], [34.91369725, 27.93886298], [34.91365234, 27.93886298], [34.91365234, 27.93881806], [34.91351759, 27.93881806], [34.91351759, 27.93886298], [34.91347267, 27.93886298], [34.91347267, 27.93890789], [34.91338284, 27.93890789], [34.91338284, 27.93895281], [34.91333793, 27.93895281], [34.91333793, 27.93899772], [34.91329301, 27.93899772], [34.91329301, 27.93904264], [34.91320318, 27.93904264], [34.91320318, 27.93908756], [34.91302352, 27.93908756], [34.91302352, 27.93913247], [34.9129786, 27.93913247], [34.9129786, 27.93917739], [34.91288877, 27.93917739], [34.91288877, 27.9392223], [34.91270911, 27.9392223], [34.91270911, 27.93917739], [34.91252944, 27.93917739], [34.91252944, 27.9392223], [34.91230487, 27.9392223], [34.91230487, 27.93944688], [34.91225995, 27.93944688], [34.91225995, 27.93962655], [34.91230487, 27.93962655], [34.91230487, 27.93967146]]]]}, "geometry_name": "geom", "properties": {"class_name": "Coral/Algae", "area_sqkm": 0.0036304781850781294}}, {"type": "Feature", "id": "benthic_data_verbose.fid-4dbf5249_1a0dd400c2d_-3987", "geometry": {"type": "MultiPolygon", "coordinates": [[[[34.90835228, 27.93872823], [34.90848703, 27.93872823], [34.90848703, 27.93859348], [34.90835228, 27.93859348], [34.90835228, 27.9386384], [34.90830736, 27.9386384], [34.90830736, 27.93868331], [34.90835228, 27.93868331], [34.90835228, 27.93872823]]]]}, "geometry_name": "geom", "properties": {"class_name": "Sand", "area_sqkm": 0.000220030090784654}}, {"type": "Feature", "id": "benthic_data_verbose.fid-4dbf5249_1a0dd400c2d_-3986", "geometry": {"type": "MultiPolygon", "coordinates": [[[[34.91347267, 27.93841382], [34.91360742, 27.93841382], [34.91360742, 27.93827907], [34.91356251, 27.93827907], [34.91356251, 27.93823416], [34.9132481, 27.93823416], [34.9132481, 27.93827907], [34.91320318, 27.93827907], [34.91320318, 27.9383689], [34.9132481, 27.9383689], [34.9132481, 27.93832399], [34.91342776, 27.93832399], [34.91342776, 27.9383689], [34.91347267, 27.9383689], [34.91347267, 27.93841382]]]]}, "geometry_name": "geom", "properties": {"class_name": "Coral/Algae", "area_sqkm": 0.0005280737509764731}}, {"type": "Feature", "id": "benthic_data_verbose.fid-4dbf5249_1a0dd400c2d_-3985", "geometry": {"type": "MultiPolygon", "coordinates": [[[[34.90749888, 27.93827907], [34.90754379, 27.93827907], [34.90754379, 27.93823416], [34.90749888, 27.93823416], [34.90749888, 27.93827907]]]]}, "geometry_name": "geom", "properties": {"class_name": "Coral/Algae", "area_sqkm": 2.200308968499303e-05}}, {"type": "Feature", "id": "benthic_data_verbose.fid-4dbf5249_1a0dd400c2d_-3984", "geometry": {"type": "MultiPolygon", "coordinates": [[[[34.90767854, 27.93832399], [34.90799295, 27.93832399], [34.90799295, 27.93814433], [34.90794804, 27.93814433], [34.90794804, 27.93809941], [34.90790312, 27.93809941], [34.90790312, 27.93805449], [34.90781329, 27.93805449], [34.90781329, 27.93800958], [34.90763363, 27.93800958], [34.90763363, 27.93805449], [34.90758871, 27.93805449], [34.90758871, 27.93809941], [34.90754379, 27.93809941], [34.90754379, 27.93814433], [34.90749888, 27.93814433], [34.90749888, 27.93823416], [34.90758871, 27.93823416], [34.90758871, 27.93827907], [34.90767854, 27.93827907], [34.90767854, 27.93832399]]]]}, "geometry_name": "geom", "properties": {"class_name": "Rock", "area_sqkm": 0.0012761802748925983}}, {"type": "Feature", "id": "benthic_data_verbose.fid-4dbf5249_1a0dd400c2d_-3983", "geometry": {"type": "MultiPolygon", "coordinates": [[[[34.90745396, 27.93818924], [34.90749888, 27.93818924], [34.90749888, 27.93814433], [34.90745396, 27.93814433], [34.90745396, 27.93818924]]]]}, "geometry_name": "geom", "properties": {"class_name": "Coral/Algae", "area_sqkm": 2.200310759805143e-05}}, {"type": "Feature", "id": "benthic_data_verbose.fid-4dbf5249_1a0dd400c2d_-3982", "geometry": {"type": "MultiPolygon", "coordinates": [[[[34.91482015, 27.93814433], [34.91490998, 27.93814433], [34.91490998, 27.93809941], [34.91482015, 27.93809941], [34.91482015, 27.93814433]]]]}, "geometry_name": "geom", "properties": {"class_name": "Coral/Algae", "area_sqkm": 4.400623310729861e-05}}, {"type": "Feature", "id": "benthic_data_verbose.fid-4dbf5249_1a0dd400c2d_-3981", "geometry": {"type": "MultiPolygon", "coordinates": [[[[34.91441591, 27.93791975], [34.91455065, 27.93791975], [34.91455065, 27.93782991], [34.91450574, 27.93782991], [34.91450574, 27.937785], [34.91446082, 27.937785], [34.91446082, 27.93769517], [34.91441591, 27.93769517], [34.91441591, 27.93774008], [34.91437099, 27.93774008], [34.91437099, 27.93787483], [34.91441591, 27.93787483], [34.91441591, 27.93791975]]]]}, "geometry_name": "geom", "properties": {"class_name": "Coral/Algae", "area_sqkm": 0.00028604129078425465}}, {"type": "Feature", "id": "benthic_data_verbose.fid-4dbf5249_1a0dd400c2d_-3980", "geometry": {"type": "MultiPolygon", "coordinates": [[[[34.91490998, 27.93800958], [34.91499981, 27.93800958], [34.91499981, 27.93796466], [34.91504473, 27.93796466], [34.91504473, 27.93791975], [34.91508964, 27.93791975], [34.91508964, 27.93787483], [34.91513456, 27.93787483], [34.91513456, 27.937785], [34.91517947, 27.937785], [34.91517947, 27.93769517], [34.91513456, 27.93769517], [34.91513456, 27.93765025], [34.91508964, 27.93765025], [34.91508964, 27.93760534], [34.91499981, 27.93760534], [34.91499981, 27.93742567], [34.91504473, 27.93742567], [34.91504473, 27.93738076], [34.9149549, 27.93738076], [34.9149549, 27.93742567], [34.91486506, 27.93742567], [34.91486506, 27.93765025], [34.91490998, 27.93765025], [34.91490998, 27.93769517], [34.9149549, 27.93769517], [34.9149549, 27.937785], [34.91490998, 27.937785], [34.91490998, 27.93800958]]]]}, "geometry_name": "geom", "properties": {"class_name": "Coral/Algae", "area_sqkm": 0.0011661695316899567}}, {"type": "Feature", "id": "benthic_data_verbose.fid-4dbf5249_1a0dd400c2d_-397f", "geometry": {"type": "MultiPolygon", "coordinates": [[[[34.91158621, 27.93679685], [34.91172096, 27.93679685], [34.91172096, 27.93670702], [34.91167604, 27.93670702], [34.91167604, 27.93666211], [34.9115413, 27.93666211], [34.9115413, 27.93675194], [34.91158621, 27.93675194], [34.91158621, 27.93679685]]]]}, "geometry_name": "geom", "properties": {"class_name": "Rubble", "area_sqkm": 0.00022003394185006619}}, {"type": "Feature", "id": "benthic_data_verbose.fid-4dbf5249_1a0dd400c2d_-397e", "geometry": {"type": "MultiPolygon", "coordinates": [[[[34.90682514, 27.94191725], [34.9070048, 27.94191725], [34.9070048, 27.94187233], [34.90709464, 27.94187233], [34.90709464, 27.94182742], [34.90718447, 27.94182742], [34.90718447, 27.94187233], [34.90736413, 27.94187233], [34.90736413, 27.94182742], [34.90745396, 27.94182742], [34.90745396, 27.94173759], [34.90740905, 27.94173759], [34.90740905, 27.94169267], [34.90736413, 27.94169267], [34.90736413, 27.94173759], [34.9072743, 27.94173759], [34.9072743, 27.94169267], [34.90718447, 27.94169267], [34.90718447, 27.94173759], [34.90691497, 27.94173759], [34.90691497, 27.94169267], [34.90678023, 27.94169267], [34.90678023, 27.94164775], [34.90664548, 27.94164775], [34.90664548, 27.94169267], [34.90660056, 27.94169267], [34.90660056, 27.94173759], [34.90646582, 27.94173759], [34.90646582, 27.94160284], [34.9064209, 27.94160284], [34.9064209, 27.94155792], [34.90637598, 27.94155792], [34.90637598, 27.94151301], [34.90619632, 27.94151301], [34.90619632, 27.94142318], [34.90615141, 27.94142318], [34.90615141, 27.94133334], [34.90606157, 27.94133334], [34.90606157, 27.94128843], [34.90597174, 27.94128843], [34.90597174, 27.94124351], [34.90592683, 27.94124351], [34.90592683, 27.9411986], [34.90579208, 27.9411986], [34.90579208, 27.94115368], [34.90570225, 27.94115368], [34.90570225, 27.94110877], [34.90565733, 27.94110877], [34.90565733, 27.94097402], [34.90561242, 27.94097402], [34.90561242, 27.9409291], [34.90547767, 27.9409291], [34.90547767, 27.94083927], [34.90543275, 27.94083927], [34.90543275, 27.94074944], [34.90538784, 27.94074944], [34.90538784, 27.94070452], [34.90534292, 27.94070452], [34.90534292, 27.94065961], [34.90529801, 27.94065961], [34.90529801, 27.94061469], [34.90525309, 27.94061469], [34.90525309, 27.94056978], [34.90520817, 27.94056978], [34.90520817, 27.94052486], [34.90516326, 27.94052486], [34.90516326, 27.94043503], [34.90511834, 27.94043503], [34.90511834, 27.94030028], [34.90507343, 27.94030028], [34.90507343, 27.94025537], [34.9049836, 27.94025537], [34.9049836, 27.94021045], [34.90493868, 27.94021045], [34.90493868, 27.94016553], [34.90489376, 27.94016553], [34.90489376, 27.94003079], [34.90484885, 27.94003079], [34.90484885, 27.93998587], [34.90480393, 27.93998587], [34.90480393, 27.93985112], [34.90475902, 27.93985112], [34.90475902, 27.93980621], [34.9047141, 27.93980621], [34.9047141, 27.93976129], [34.90466919, 27.93976129], [34.90466919, 27.93962655], [34.90462427, 27.93962655], [34.90462427, 27.93958163], [34.90457935, 27.93958163], [34.90457935, 27.93953671], [34.90453444, 27.93953671], [34.90453444, 27.93926722], [34.90448952, 27.93926722], [34.90448952, 27.93917739], [34.90444461, 27.93917739], [34.90444461, 27.93899772], [34.90439969, 27.93899772], [34.90439969, 27.93895281], [34.90435477, 27.93895281], [34.90435477, 27.93890789], [34.90430986, 27.93890789], [34.90430986, 27.93881806], [34.90426494, 27.93881806], [34.90426494, 27.93877315], [34.90422003, 27.93877315], [34.90422003, 27.93850365], [34.90417511, 27.93850365], [34.90417511, 27.93841382], [34.9041302, 27.93841382], [34.9041302, 27.93832399], [34.90408528, 27.93832399], [34.90408528, 27.93818924], [34.9041302, 27.93818924], [34.9041302, 27.93814433], [34.90417511, 27.93814433], [34.90417511, 27.93805449], [34.90408528, 27.93805449], [34.90408528, 27.93791975], [34.90404036, 27.93791975], [34.90404036, 27.93787483], [34.90395053, 27.93787483], [34.90395053, 27.93782991], [34.90390562, 27.93782991], [34.90390562, 27.93774008], [34.9038607, 27.93774008], [34.9038607, 27.93769517], [34.90381579, 27.93769517], [34.90381579, 27.93760534], [34.90377087, 27.93760534], [34.90377087, 27.93756042], [34.90372595, 27.93756042], [34.90372595, 27.9375155], [34.90368104, 27.9375155], [34.90368104, 27.93729093], [34.90363612, 27.93729093], [34.90363612, 27.93724601], [34.90359121, 27.93724601], [34.90359121, 27.93720109], [34.90354629, 27.93720109], [34.90354629, 27.93715618], [34.90350138, 27.93715618], [34.90350138, 27.93702143], [34.90345646, 27.93702143], [34.90345646, 27.93670702], [34.90341154, 27.93670702], [34.90341154, 27.93661719], [34.90323188, 27.93661719], [34.90323188, 27.93670702], [34.9032768, 27.93670702], [34.9032768, 27.93684177], [34.90323188, 27.93684177], [34.90323188, 27.93715618], [34.9032768, 27.93715618], [34.9032768, 27.93724601], [34.90332171, 27.93724601], [34.90332171, 27.93742567], [34.90341154, 27.93742567], [34.90341154, 27.9375155], [34.90359121, 27.9375155], [34.90359121, 27.93782991], [34.90363612, 27.93782991], [34.90363612, 27.93791975], [34.90372595, 27.93791975], [34.90372595, 27.93796466], [34.9038607, 27.93796466], [34.9038607, 27.93832399], [34.90390562, 27.93832399], [34.90390562, 27.93841382], [34.90395053, 27.93841382], [34.90395053, 27.93850365], [34.90408528, 27.93850365], [34.90408528, 27.93859348], [34.9041302, 27.93859348], [34.9041302, 27.93886298], [34.90422003, 27.93886298], [34.90422003, 27.93913247], [34.90430986, 27.93913247], [34.90430986, 27.93940197], [34.90439969, 27.93940197], [34.90439969, 27.93967146], [34.90448952, 27.93967146], [34.90448952, 27.93985112], [34.90457935, 27.93985112], [34.90457935, 27.94003079], [34.90475902, 27.94003079], [34.90475902, 27.94012062], [34.90484885, 27.94012062], [34.90484885, 27.94025537], [34.90489376, 27.94025537], [34.90489376, 27.94030028], [34.90493868, 27.94030028], [34.90493868, 27.94052486], [34.9049836, 27.94052486], [34.9049836, 27.94056978], [34.90502851, 27.94056978], [34.90502851, 27.94070452], [34.90507343, 27.94070452], [34.90507343, 27.94074944], [34.90511834, 27.94074944], [34.90511834, 27.94083927], [34.90516326, 27.94083927], [34.90516326, 27.94088419], [34.90534292, 27.94088419], [34.90534292, 27.9409291], [34.90538784, 27.9409291], [34.90538784, 27.94101893], [34.90547767, 27.94101893], [34.90547767, 27.9411986], [34.9055675, 27.9411986], [34.9055675, 27.94128843], [34.90574716, 27.94128843], [34.90574716, 27.94137826], [34.90592683, 27.94137826], [34.90592683, 27.94146809], [34.90610649, 27.94146809], [34.90610649, 27.94155792], [34.90619632, 27.94155792], [34.90619632, 27.94160284], [34.90628615, 27.94160284], [34.90628615, 27.94173759], [34.9064209, 27.94173759], [34.9064209, 27.9417825], [34.90646582, 27.9417825], [34.90646582, 27.94182742], [34.90664548, 27.94182742], [34.90664548, 27.94187233], [34.90682514, 27.94187233], [34.90682514, 27.94191725]]]]}, "geometry_name": "geom", "properties": {"class_name": "Coral/Algae", "area_sqkm": 0.014147832457827404}}, {"type": "Feature", "id": "benthic_data_verbose.fid-4dbf5249_1a0dd400c2d_-397d", "geometry": {"type": "MultiPolygon", "coordinates": [[[[34.90408528, 27.93805449], [34.9041302, 27.93805449], [34.9041302, 27.93769517], [34.90395053, 27.93769517], [34.90395053, 27.9375155], [34.9038607, 27.9375155], [34.9038607, 27.93724601], [34.90377087, 27.93724601], [34.90377087, 27.93715618], [34.90368104, 27.93715618], [34.90368104, 27.93706635], [34.90359121, 27.93706635], [34.90359121, 27.93661719], [34.90350138, 27.93661719], [34.90350138, 27.93652736], [34.90341154, 27.93652736], [34.90341154, 27.93643753], [34.90323188, 27.93643753], [34.90323188, 27.93661719], [34.90341154, 27.93661719], [34.90341154, 27.93670702], [34.90345646, 27.93670702], [34.90345646, 27.93702143], [34.90350138, 27.93702143], [34.90350138, 27.93715618], [34.90354629, 27.93715618], [34.90354629, 27.93720109], [34.90359121, 27.93720109], [34.90359121, 27.93724601], [34.90363612, 27.93724601], [34.90363612, 27.93729093], [34.90368104, 27.93729093], [34.90368104, 27.9375155], [34.90372595, 27.9375155], [34.90372595, 27.93756042], [34.90377087, 27.93756042], [34.90377087, 27.93760534], [34.90381579, 27.93760534], [34.90381579, 27.93769517], [34.9038607, 27.93769517], [34.9038607, 27.93774008], [34.90390562, 27.93774008], [34.90390562, 27.93782991], [34.90395053, 27.93782991], [34.90395053, 27.93787483], [34.90404036, 27.93787483], [34.90404036, 27.93791975], [34.90408528, 27.93791975], [34.90408528, 27.93805449]]]]}, "geometry_name": "geom", "properties": {"class_name": "Rock", "area_sqkm": 0.0029264388972204177}}, {"type": "Feature", "id": "benthic_data_verbose.fid-4dbf5249_1a0dd400c2d_-397c", "geometry": {"type": "MultiPolygon", "coordinates": [[[[34.91562863, 27.93580871], [34.91576338, 27.93580871], [34.91576338, 27.93571887], [34.91580829, 27.93571887], [34.91580829, 27.93567396], [34.91589813, 27.93567396], [34.91589813, 27.93562904], [34.91585321, 27.93562904], [34.91585321, 27.93558413], [34.91589813, 27.93558413], [34.91589813, 27.9354943], [34.91585321, 27.9354943], [34.91585321, 27.93553921], [34.91576338, 27.93553921], [34.91576338, 27.93562904], [34.91571846, 27.93562904], [34.91571846, 27.93571887], [34.91562863, 27.93571887], [34.91562863, 27.93580871]]]]}, "geometry_name": "geom", "properties": {"class_name": "Coral/Algae", "area_sqkm": 0.0003960649210885167}}, {"type": "Feature", "id": "benthic_data_verbose.fid-4dbf5249_1a0dd400c2d_-397b", "geometry": {"type": "MultiPolygon", "coordinates": [[[[34.91598796, 27.93535955], [34.91612271, 27.93535955], [34.91612271, 27.93531463], [34.91616762, 27.93531463], [34.91616762, 27.93526972], [34.91612271, 27.93526972], [34.91612271, 27.9352248], [34.91616762, 27.9352248], [34.91616762, 27.93513497], [34.91621254, 27.93513497], [34.91621254, 27.93509005], [34.91625745, 27.93509005], [34.91625745, 27.93495531], [34.91630237, 27.93495531], [34.91630237, 27.93491039], [34.91634728, 27.93491039], [34.91634728, 27.93482056], [34.91630237, 27.93482056], [34.91630237, 27.93477564], [34.91625745, 27.93477564], [34.91625745, 27.93446123], [34.91616762, 27.93446123], [34.91616762, 27.93450615], [34.91612271, 27.93450615], [34.91612271, 27.93459598], [34.91607779, 27.93459598], [34.91607779, 27.9346409], [34.91603287, 27.9346409], [34.91603287, 27.93491039], [34.91598796, 27.93491039], [34.91598796, 27.93509005], [34.91594304, 27.93509005], [34.91594304, 27.93526972], [34.91598796, 27.93526972], [34.91598796, 27.93535955]]]]}, "geometry_name": "geom", "properties": {"class_name": "Rock", "area_sqkm": 0.002178371596634388}}, {"type": "Feature", "id": "benthic_data_verbose.fid-4dbf5249_1a0dd400c2d_-397a", "geometry": {"type": "MultiPolygon", "coordinates": [[[[34.91688627, 27.93455106], [34.91693119, 27.93455106], [34.91693119, 27.93446123], [34.9169761, 27.93446123], [34.9169761, 27.9343714], [34.91702102, 27.9343714], [34.91702102, 27.93428157], [34.9169761, 27.93428157], [34.9169761, 27.93414682], [34.91702102, 27.93414682], [34.91702102, 27.93401207], [34.9169761, 27.93401207], [34.9169761, 27.93396716], [34.91693119, 27.93396716], [34.91693119, 27.93392224], [34.91688627, 27.93392224], [34.91688627, 27.93387733], [34.91684136, 27.93387733], [34.91684136, 27.93383241], [34.91675153, 27.93383241], [34.91675153, 27.93387733], [34.91670661, 27.93387733], [34.91670661, 27.93396716], [34.91684136, 27.93396716], [34.91684136, 27.93410191], [34.91679644, 27.93410191], [34.91679644, 27.93428157], [34.91684136, 27.93428157], [34.91684136, 27.9343714], [34.91688627, 27.9343714], [34.91688627, 27.93455106]]]]}, "geometry_name": "geom", "properties": {"class_name": "Coral/Algae", "area_sqkm": 0.0011662071622293442}}, {"type": "Feature", "id": "benthic_data_verbose.fid-4dbf5249_1a0dd400c2d_-3979", "geometry": {"type": "MultiPolygon", "coordinates": [[[[34.91517947, 27.93392224], [34.91526931, 27.93392224], [34.91526931, 27.93374258], [34.91522439, 27.93374258], [34.91522439, 27.93369766], [34.91517947, 27.93369766], [34.91517947, 27.93374258], [34.91513456, 27.93374258], [34.91513456, 27.93387733], [34.91517947, 27.93387733], [34.91517947, 27.93392224]]]]}, "geometry_name": "geom", "properties": {"class_name": "Rock", "area_sqkm": 0.0002640477009341121}}, {"type": "Feature", "id": "benthic_data_verbose.fid-4dbf5249_1a0dd400c2d_-3978", "geometry": {"type": "MultiPolygon", "coordinates": [[[[34.91288877, 27.93320359], [34.91293369, 27.93320359], [34.91293369, 27.93315868], [34.9129786, 27.93315868], [34.9129786, 27.93311376], [34.91293369, 27.93311376], [34.91293369, 27.93306884], [34.91288877, 27.93306884], [34.91288877, 27.93320359]]]]}, "geometry_name": "geom", "properties": {"class_name": "Seagrass", "area_sqkm": 8.801644235663116e-05}}, {"type": "Feature", "id": "benthic_data_verbose.fid-4dbf5249_1a0dd400c2d_-3977", "geometry": {"type": "MultiPolygon", "coordinates": [[[[34.91347267, 27.93311376], [34.91365234, 27.93311376], [34.91365234, 27.93297901], [34.91347267, 27.93297901], [34.91347267, 27.93302393], [34.91342776, 27.93302393], [34.91342776, 27.93306884], [34.91347267, 27.93306884], [34.91347267, 27.93311376]]]]}, "geometry_name": "geom", "properties": {"class_name": "Rock", "area_sqkm": 0.00028605367049388587}}, {"type": "Feature", "id": "benthic_data_verbose.fid-4dbf5249_1a0dd400c2d_-3976", "geometry": {"type": "MultiPolygon", "coordinates": [[[[34.91270911, 27.93302393], [34.91275402, 27.93302393], [34.91275402, 27.93297901], [34.91270911, 27.93297901], [34.91270911, 27.93302393]]]]}, "geometry_name": "geom", "properties": {"class_name": "Seagrass", "area_sqkm": 2.2004137452691795e-05}}, {"type": "Feature", "id": "benthic_data_verbose.fid-4dbf5249_1a0dd400c2d_-3975", "geometry": {"type": "MultiPolygon", "coordinates": [[[[34.91217012, 27.93279935], [34.91234978, 27.93279935], [34.91234978, 27.93275443], [34.9123947, 27.93275443], [34.9123947, 27.93270952], [34.91234978, 27.93270952], [34.91234978, 27.9326646], [34.91230487, 27.9326646], [34.91230487, 27.93270952], [34.91225995, 27.93270952], [34.91225995, 27.9326646], [34.9121252, 27.9326646], [34.9121252, 27.93275443], [34.91217012, 27.93275443], [34.91217012, 27.93279935]]]]}, "geometry_name": "geom", "properties": {"class_name": "Coral/Algae", "area_sqkm": 0.0003080586980525404}}, {"type": "Feature", "id": "benthic_data_verbose.fid-4dbf5249_1a0dd400c2d_-3974", "geometry": {"type": "MultiPolygon", "coordinates": [[[[34.91320318, 27.9326646], [34.9132481, 27.9326646], [34.9132481, 27.93261969], [34.91320318, 27.93261969], [34.91320318, 27.9326646]]]]}, "geometry_name": "geom", "properties": {"class_name": "Coral/Algae", "area_sqkm": 2.2004209088161588e-05}}, {"type": "Feature", "id": "benthic_data_verbose.fid-4dbf5249_1a0dd400c2d_-3973", "geometry": {"type": "MultiPolygon", "coordinates": [[[[34.91396675, 27.93239511], [34.91401166, 27.93239511], [34.91401166, 27.93235019], [34.91405658, 27.93235019], [34.91405658, 27.93226036], [34.91401166, 27.93226036], [34.91401166, 27.93221544], [34.91396675, 27.93221544], [34.91396675, 27.93226036], [34.91392183, 27.93226036], [34.91392183, 27.93235019], [34.91396675, 27.93235019], [34.91396675, 27.93239511]]]]}, "geometry_name": "geom", "properties": {"class_name": "Rubble", "area_sqkm": 0.00017603420997969806}}, {"type": "Feature", "id": "benthic_data_verbose.fid-4dbf5249_1a0dd400c2d_-3972", "geometry": {"type": "MultiPolygon", "coordinates": [[[[34.91104722, 27.93212561], [34.91113706, 27.93212561], [34.91113706, 27.93203578], [34.91109214, 27.93203578], [34.91109214, 27.93199087], [34.91104722, 27.93199087], [34.91104722, 27.93212561]]]]}, "geometry_name": "geom", "properties": {"class_name": "Sand", "area_sqkm": 0.00011002162211388349}}, {"type": "Feature", "id": "benthic_data_verbose.fid-4dbf5249_1a0dd400c2d_-3971", "geometry": {"type": "MultiPolygon", "coordinates": [[[[34.91005908, 27.93091289], [34.91010399, 27.93091289], [34.91010399, 27.93086797], [34.91005908, 27.93086797], [34.91005908, 27.93091289]]]]}, "geometry_name": "geom", "properties": {"class_name": "Rock", "area_sqkm": 2.2004558300599455e-05}}, {"type": "Feature", "id": "benthic_data_verbose.fid-4dbf5249_1a0dd400c2d_-3970", "geometry": {"type": "MultiPolygon", "coordinates": [[[[34.90907093, 27.94083927], [34.90911585, 27.94083927], [34.90911585, 27.94079436], [34.90907093, 27.94079436], [34.90907093, 27.94083927]]]]}, "geometry_name": "geom", "properties": {"class_name": "Rock", "area_sqkm": 2.2002579163759947e-05}}, {"type": "Feature", "id": "benthic_data_verbose.fid-4dbf5249_1a0dd400c2d_-396f", "geometry": {"type": "MultiPolygon", "coordinates": [[[[34.91014891, 27.94074944], [34.91023874, 27.94074944], [34.91023874, 27.94061469], [34.91014891, 27.94061469], [34.91014891, 27.94074944]]]]}, "geometry_name": "geom", "properties": {"class_name": "Rock", "area_sqkm": 0.00013201563622057438}}, {"type": "Feature", "id": "benthic_data_verbose.fid-4dbf5249_1a0dd400c2d_-396e", "geometry": {"type": "MultiPolygon", "coordinates": [[[[34.91293369, 27.9320807], [34.91302352, 27.9320807], [34.91302352, 27.93194595], [34.91293369, 27.93194595], [34.91293369, 27.9320807]]]]}, "geometry_name": "geom", "properties": {"class_name": "Coral/Algae", "area_sqkm": 0.0001320260067023337}}, {"type": "Feature", "id": "benthic_data_verbose.fid-4dbf5249_1a0dd400c2d_-396d", "geometry": {"type": "MultiPolygon", "coordinates": [[[[34.91585321, 27.94277065], [34.91589813, 27.94277065], [34.91589813, 27.94272573], [34.91594304, 27.94272573], [34.91594304, 27.94268082], [34.91598796, 27.94268082], [34.91598796, 27.9426359], [34.91607779, 27.9426359], [34.91607779, 27.94254607], [34.91603287, 27.94254607], [34.91603287, 27.94250115], [34.91598796, 27.94250115], [34.91598796, 27.94254607], [34.91589813, 27.94254607], [34.91589813, 27.94259099], [34.91580829, 27.94259099], [34.91580829, 27.9426359], [34.91576338, 27.9426359], [34.91576338, 27.94268082], [34.91580829, 27.94268082], [34.91580829, 27.94272573], [34.91585321, 27.94272573], [34.91585321, 27.94277065]]]]}, "geometry_name": "geom", "properties": {"class_name": "Coral/Algae", "area_sqkm": 0.0004400443423949182}}, {"type": "Feature", "id": "benthic_data_verbose.fid-4dbf5249_1a0dd400c2d_-396c", "geometry": {"type": "MultiPolygon", "coordinates": [[[[34.91279894, 27.94200708], [34.91315826, 27.94200708], [34.91315826, 27.94196217], [34.91320318, 27.94196217], [34.91320318, 27.94191725], [34.9132481, 27.94191725], [34.9132481, 27.94182742], [34.91320318, 27.94182742], [34.91320318, 27.94173759], [34.91311335, 27.94173759], [34.91311335, 27.94164775], [34.91288877, 27.94164775], [34.91288877, 27.94160284], [34.91284385, 27.94160284], [34.91284385, 27.94155792], [34.91266419, 27.94155792], [34.91266419, 27.94160284], [34.91261928, 27.94160284], [34.91261928, 27.94182742], [34.91266419, 27.94182742], [34.91266419, 27.94191725], [34.91270911, 27.94191725], [34.91270911, 27.94196217], [34.91279894, 27.94196217], [34.91279894, 27.94200708]]]]}, "geometry_name": "geom", "properties": {"class_name": "Coral/Algae", "area_sqkm": 0.0022662456229757518}}, {"type": "Feature", "id": "benthic_data_verbose.fid-4dbf5249_1a0dd400c2d_-396b", "geometry": {"type": "MultiPolygon", "coordinates": [[[[34.91508964, 27.94191725], [34.91535914, 27.94191725], [34.91535914, 27.94187233], [34.91540405, 27.94187233], [34.91540405, 27.94182742], [34.91544897, 27.94182742], [34.91544897, 27.94173759], [34.91535914, 27.94173759], [34.91535914, 27.94169267], [34.91531422, 27.94169267], [34.91531422, 27.94164775], [34.91517947, 27.94164775], [34.91517947, 27.94160284], [34.91513456, 27.94160284], [34.91513456, 27.94155792], [34.91499981, 27.94155792], [34.91499981, 27.94160284], [34.9149549, 27.94160284], [34.9149549, 27.94164775], [34.91490998, 27.94164775], [34.91490998, 27.9417825], [34.9149549, 27.9417825], [34.9149549, 27.94182742], [34.91499981, 27.94182742], [34.91499981, 27.94187233], [34.91508964, 27.94187233], [34.91508964, 27.94191725]]]]}, "geometry_name": "geom", "properties": {"class_name": "Coral/Algae", "area_sqkm": 0.001430155588053167}}, {"type": "Feature", "id": "benthic_data_verbose.fid-4dbf5249_1a0dd400c2d_-396a", "geometry": {"type": "MultiPolygon", "coordinates": [[[[34.90763363, 27.9417825], [34.90772346, 27.9417825], [34.90772346, 27.94173759], [34.90781329, 27.94173759], [34.90781329, 27.94164775], [34.90790312, 27.94164775], [34.90790312, 27.94160284], [34.90767854, 27.94160284], [34.90767854, 27.94164775], [34.90763363, 27.94164775], [34.90763363, 27.94169267], [34.90758871, 27.94169267], [34.90758871, 27.94173759], [34.90763363, 27.94173759], [34.90763363, 27.9417825]]]]}, "geometry_name": "geom", "properties": {"class_name": "Coral/Algae", "area_sqkm": 0.0003520384469013661}}, {"type": "Feature", "id": "benthic_data_verbose.fid-4dbf5249_1a0dd400c2d_-3969", "geometry": {"type": "MultiPolygon", "coordinates": [[[[34.90889127, 27.94137826], [34.90893618, 27.94137826], [34.90893618, 27.94133334], [34.9089811, 27.94133334], [34.9089811, 27.94137826], [34.90907093, 27.94137826], [34.90907093, 27.94133334], [34.90911585, 27.94133334], [34.90911585, 27.94128843], [34.90916076, 27.94128843], [34.90916076, 27.94115368], [34.90911585, 27.94115368], [34.90911585, 27.94110877], [34.90902601, 27.94110877], [34.90902601, 27.94115368], [34.90889127, 27.94115368], [34.90889127, 27.9411986], [34.90884635, 27.9411986], [34.90884635, 27.94133334], [34.90889127, 27.94133334], [34.90889127, 27.94137826]]]]}, "geometry_name": "geom", "properties": {"class_name": "Rock", "area_sqkm": 0.0006820772795975208}}, {"type": "Feature", "id": "benthic_data_verbose.fid-4dbf5249_1a0dd400c2d_-3968", "geometry": {"type": "MultiPolygon", "coordinates": [[[[34.90938534, 27.94110877], [34.90947517, 27.94110877], [34.90947517, 27.94101893], [34.90943026, 27.94101893], [34.90943026, 27.94097402], [34.90934042, 27.94097402], [34.90934042, 27.94106385], [34.90938534, 27.94106385], [34.90938534, 27.94110877]]]]}, "geometry_name": "geom", "properties": {"class_name": "Rock", "area_sqkm": 0.000154017740663141}}, {"type": "Feature", "id": "benthic_data_verbose.fid-4dbf5249_1a0dd400c2d_-3967", "geometry": {"type": "MultiPolygon", "coordinates": [[[[34.90880144, 27.94074944], [34.90884635, 27.94074944], [34.90884635, 27.94065961], [34.90880144, 27.94065961], [34.90880144, 27.94074944]]]]}, "geometry_name": "geom", "properties": {"class_name": "Rock", "area_sqkm": 4.400520311668515e-05}}, {"type": "Feature", "id": "benthic_data_verbose.fid-4dbf5249_1a0dd400c2d_-3966", "geometry": {"type": "MultiPolygon", "coordinates": [[[[34.90884635, 27.94070452], [34.90889127, 27.94070452], [34.90889127, 27.94065961], [34.90884635, 27.94065961], [34.90884635, 27.94070452]]]]}, "geometry_name": "geom", "properties": {"class_name": "Rubble", "area_sqkm": 2.2002606032416223e-05}}, {"type": "Feature", "id": "benthic_data_verbose.fid-4dbf5249_1a0dd400c2d_-3965", "geometry": {"type": "MultiPolygon", "coordinates": [[[[34.9087116, 27.94115368], [34.90875652, 27.94115368], [34.90875652, 27.94110877], [34.90880144, 27.94110877], [34.90880144, 27.94097402], [34.90884635, 27.94097402], [34.90884635, 27.9409291], [34.90889127, 27.9409291], [34.90889127, 27.94097402], [34.9089811, 27.94097402], [34.9089811, 27.94079436], [34.90902601, 27.94079436], [34.90902601, 27.94074944], [34.90907093, 27.94074944], [34.90907093, 27.94056978], [34.9089811, 27.94056978], [34.9089811, 27.94052486], [34.90889127, 27.94052486], [34.90889127, 27.94056978], [34.90884635, 27.94056978], [34.90884635, 27.94065961], [34.90889127, 27.94065961], [34.90889127, 27.94070452], [34.90884635, 27.94070452], [34.90884635, 27.94074944], [34.90880144, 27.94074944], [34.90880144, 27.9409291], [34.9087116, 27.9409291], [34.9087116, 27.94097402], [34.90866669, 27.94097402], [34.90866669, 27.94110877], [34.9087116, 27.94110877], [34.9087116, 27.94115368]]]]}, "geometry_name": "geom", "properties": {"class_name": "Sand", "area_sqkm": 0.0011661367334220559}}, {"type": "Feature", "id": "benthic_data_verbose.fid-4dbf5249_1a0dd400c2d_-3964", "geometry": {"type": "MultiPolygon", "coordinates": [[[[34.90884635, 27.94056978], [34.90889127, 27.94056978], [34.90889127, 27.94052486], [34.90884635, 27.94052486], [34.90884635, 27.94056978]]]]}, "geometry_name": "geom", "properties": {"class_name": "Rock", "area_sqkm": 2.200263290479779e-05}}, {"type": "Feature", "id": "benthic_data_verbose.fid-4dbf5249_1a0dd400c2d_-3963", "geometry": {"type": "MultiPolygon", "coordinates": [[[[34.90651073, 27.94088419], [34.90673531, 27.94088419], [34.90673531, 27.94083927], [34.90664548, 27.94083927], [34.90664548, 27.94070452], [34.90660056, 27.94070452], [34.90660056, 27.94065961], [34.9064209, 27.94065961], [34.9064209, 27.94056978], [34.90637598, 27.94056978], [34.90637598, 27.94047995], [34.90646582, 27.94047995], [34.90646582, 27.94043503], [34.90637598, 27.94043503], [34.90637598, 27.94039011], [34.90633107, 27.94039011], [34.90633107, 27.9403452], [34.90628615, 27.9403452], [34.90628615, 27.94030028], [34.90624124, 27.94030028], [34.90624124, 27.94025537], [34.90619632, 27.94025537], [34.90619632, 27.94030028], [34.90615141, 27.94030028], [34.90615141, 27.94039011], [34.90619632, 27.94039011], [34.90619632, 27.94047995], [34.90624124, 27.94047995], [34.90624124, 27.94052486], [34.90619632, 27.94052486], [34.90619632, 27.94061469], [34.90624124, 27.94061469], [34.90624124, 27.94065961], [34.90628615, 27.94065961], [34.90628615, 27.94074944], [34.90637598, 27.94074944], [34.90637598, 27.94079436], [34.90646582, 27.94079436], [34.90646582, 27.94083927], [34.90651073, 27.94083927], [34.90651073, 27.94088419]]]]}, "geometry_name": "geom", "properties": {"class_name": "Coral/Algae", "area_sqkm": 0.001408167730467394}}, {"type": "Feature", "id": "benthic_data_verbose.fid-4dbf5249_1a0dd400c2d_-3962", "geometry": {"type": "MultiPolygon", "coordinates": [[[[34.90821753, 27.94043503], [34.90826245, 27.94043503], [34.90826245, 27.94039011], [34.90830736, 27.94039011], [34.90830736, 27.94030028], [34.90817261, 27.94030028], [34.90817261, 27.94039011], [34.90821753, 27.94039011], [34.90821753, 27.94043503]]]]}, "geometry_name": "geom", "properties": {"class_name": "Rock", "area_sqkm": 0.00015401868471503257}}, {"type": "Feature", "id": "benthic_data_verbose.fid-4dbf5249_1a0dd400c2d_-3961", "geometry": {"type": "MultiPolygon", "coordinates": [[[[34.90925059, 27.94056978], [34.90934042, 27.94056978], [34.90934042, 27.94047995], [34.90938534, 27.94047995], [34.90938534, 27.94039011], [34.90934042, 27.94039011], [34.90934042, 27.9403452], [34.90920568, 27.9403452], [34.90920568, 27.94021045], [34.90925059, 27.94021045], [34.90925059, 27.9400757], [34.90916076, 27.9400757], [34.90916076, 27.94012062], [34.90911585, 27.94012062], [34.90911585, 27.94025537], [34.90907093, 27.94025537], [34.90907093, 27.94030028], [34.90902601, 27.94030028], [34.90902601, 27.94039011], [34.90907093, 27.94039011], [34.90907093, 27.94043503], [34.90916076, 27.94043503], [34.90916076, 27.94047995], [34.90920568, 27.94047995], [34.90920568, 27.94052486], [34.90925059, 27.94052486], [34.90925059, 27.94056978]]]]}, "geometry_name": "geom", "properties": {"class_name": "Rock", "area_sqkm": 0.0009021095954310149}}, {"type": "Feature", "id": "benthic_data_verbose.fid-4dbf5249_1a0dd400c2d_-3960", "geometry": {"type": "MultiPolygon", "coordinates": [[[[34.90974467, 27.94021045], [34.90978958, 27.94021045], [34.90978958, 27.94016553], [34.90987941, 27.94016553], [34.90987941, 27.94012062], [34.90992433, 27.94012062], [34.90992433, 27.94003079], [34.90996925, 27.94003079], [34.90996925, 27.93998587], [34.91001416, 27.93998587], [34.91001416, 27.93994096], [34.91005908, 27.93994096], [34.91005908, 27.93989604], [34.91010399, 27.93989604], [34.91010399, 27.93980621], [34.90992433, 27.93980621], [34.90992433, 27.93985112], [34.90987941, 27.93985112], [34.90987941, 27.94003079], [34.9098345, 27.94003079], [34.9098345, 27.9400757], [34.90978958, 27.9400757], [34.90978958, 27.94012062], [34.90974467, 27.94012062], [34.90974467, 27.94021045]]]]}, "geometry_name": "geom", "properties": {"class_name": "Rock", "area_sqkm": 0.0005940741462409497}}, {"type": "Feature", "id": "benthic_data_verbose.fid-4dbf5249_1a0dd400c2d_-395f", "geometry": {"type": "MultiPolygon", "coordinates": [[[[34.90597174, 27.94003079], [34.90601666, 27.94003079], [34.90601666, 27.93994096], [34.90597174, 27.93994096], [34.90597174, 27.93985112], [34.905837, 27.93985112], [34.905837, 27.93998587], [34.90597174, 27.93998587], [34.90597174, 27.94003079]]]]}, "geometry_name": "geom", "properties": {"class_name": "Coral/Algae", "area_sqkm": 0.0002420303144250065}}, {"type": "Feature", "id": "benthic_data_verbose.fid-4dbf5249_1a0dd400c2d_-395e", "geometry": {"type": "MultiPolygon", "coordinates": [[[[34.90547767, 27.93994096], [34.90561242, 27.93994096], [34.90561242, 27.93985112], [34.90552258, 27.93985112], [34.90552258, 27.93980621], [34.90547767, 27.93980621], [34.90547767, 27.93985112], [34.90543275, 27.93985112], [34.90543275, 27.93989604], [34.90547767, 27.93989604], [34.90547767, 27.93994096]]]]}, "geometry_name": "geom", "properties": {"class_name": "Coral/Algae", "area_sqkm": 0.00017602213089168073}}, {"type": "Feature", "id": "benthic_data_verbose.fid-4dbf5249_1a0dd400c2d_-395d", "geometry": {"type": "MultiPolygon", "coordinates": [[[[34.90969975, 27.93980621], [34.90978958, 27.93980621], [34.90978958, 27.93976129], [34.90969975, 27.93976129], [34.90969975, 27.93980621]]]]}, "geometry_name": "geom", "properties": {"class_name": "Rock", "area_sqkm": 4.4005570333451036e-05}}, {"type": "Feature", "id": "benthic_data_verbose.fid-4dbf5249_1a0dd400c2d_-395c", "geometry": {"type": "MultiPolygon", "coordinates": [[[[34.90911585, 27.94012062], [34.90916076, 27.94012062], [34.90916076, 27.94003079], [34.90907093, 27.94003079], [34.90907093, 27.9400757], [34.90911585, 27.9400757], [34.90911585, 27.94012062]]]]}, "geometry_name": "geom", "properties": {"class_name": "Rubble", "area_sqkm": 6.600818175449967e-05}}, {"type": "Feature", "id": "benthic_data_verbose.fid-4dbf5249_1a0dd400c2d_-395b", "geometry": {"type": "MultiPolygon", "coordinates": [[[[34.90844211, 27.94097402], [34.90866669, 27.94097402], [34.90866669, 27.94083927], [34.90875652, 27.94083927], [34.90875652, 27.94074944], [34.90880144, 27.94074944], [34.90880144, 27.94065961], [34.90884635, 27.94065961], [34.90884635, 27.94052486], [34.9089811, 27.94052486], [34.9089811, 27.94056978], [34.90907093, 27.94056978], [34.90907093, 27.94079436], [34.90911585, 27.94079436], [34.90911585, 27.94083927], [34.90916076, 27.94083927], [34.90916076, 27.94079436], [34.90920568, 27.94079436], [34.90920568, 27.94074944], [34.90925059, 27.94074944], [34.90925059, 27.94065961], [34.90929551, 27.94065961], [34.90929551, 27.94056978], [34.90925059, 27.94056978], [34.90925059, 27.94052486], [34.90920568, 27.94052486], [34.90920568, 27.94047995], [34.90916076, 27.94047995], [34.90916076, 27.94043503], [34.90907093, 27.94043503], [34.90907093, 27.94039011], [34.90902601, 27.94039011], [34.90902601, 27.94030028], [34.90907093, 27.94030028], [34.90907093, 27.94025537], [34.90911585, 27.94025537], [34.90911585, 27.9400757], [34.90907093, 27.9400757], [34.90907093, 27.94003079], [34.90916076, 27.94003079], [34.90916076, 27.9400757], [34.90925059, 27.9400757], [34.90925059, 27.94021045], [34.90920568, 27.94021045], [34.90920568, 27.9403452], [34.90934042, 27.9403452], [34.90934042, 27.94039011], [34.90952009, 27.94039011], [34.90952009, 27.9403452], [34.909565, 27.9403452], [34.909565, 27.94016553], [34.90969975, 27.94016553], [34.90969975, 27.94021045], [34.90974467, 27.94021045], [34.90974467, 27.94012062], [34.90978958, 27.94012062], [34.90978958, 27.9400757], [34.9098345, 27.9400757], [34.9098345, 27.94003079], [34.90987941, 27.94003079], [34.90987941, 27.93985112], [34.90992433, 27.93985112], [34.90992433, 27.93980621], [34.91010399, 27.93980621], [34.91010399, 27.93989604], [34.91005908, 27.93989604], [34.91005908, 27.93994096], [34.91001416, 27.93994096], [34.91001416, 27.93998587], [34.90996925, 27.93998587], [34.90996925, 27.94003079], [34.90992433, 27.94003079], [34.90992433, 27.94012062], [34.90996925, 27.94012062], [34.90996925, 27.94016553], [34.91005908, 27.94016553], [34.91005908, 27.94021045], [34.91014891, 27.94021045], [34.91014891, 27.94016553], [34.91019382, 27.94016553], [34.91019382, 27.94012062], [34.91023874, 27.94012062], [34.91023874, 27.94003079], [34.91032857, 27.94003079], [34.91032857, 27.93994096], [34.9104184, 27.93994096], [34.9104184, 27.93989604], [34.91046332, 27.93989604], [34.91046332, 27.93985112], [34.91050823, 27.93985112], [34.91050823, 27.93980621], [34.91046332, 27.93980621], [34.91046332, 27.93967146], [34.91032857, 27.93967146], [34.91032857, 27.93962655], [34.91023874, 27.93962655], [34.91023874, 27.93958163], [34.91010399, 27.93958163], [34.91010399, 27.93962655], [34.91001416, 27.93962655], [34.91001416, 27.93967146], [34.90992433, 27.93967146], [34.90992433, 27.93971638], [34.90987941, 27.93971638], [34.90987941, 27.93976129], [34.90978958, 27.93976129], [34.90978958, 27.93980621], [34.90969975, 27.93980621], [34.90969975, 27.93985112], [34.90965483, 27.93985112], [34.90965483, 27.93989604], [34.90960992, 27.93989604], [34.90960992, 27.93998587], [34.90952009, 27.93998587], [34.90952009, 27.94003079], [34.90943026, 27.94003079], [34.90943026, 27.93998587], [34.90938534, 27.93998587], [34.90938534, 27.93994096], [34.90934042, 27.93994096], [34.90934042, 27.93989604], [34.90925059, 27.93989604], [34.90925059, 27.93994096], [34.90916076, 27.93994096], [34.90916076, 27.93998587], [34.90902601, 27.93998587], [34.90902601, 27.94003079], [34.9089811, 27.94003079], [34.9089811, 27.94016553], [34.90893618, 27.94016553], [34.90893618, 27.94021045], [34.90889127, 27.94021045], [34.90889127, 27.94025537], [34.90884635, 27.94025537], [34.90884635, 27.94030028], [34.90880144, 27.94030028], [34.90880144, 27.9403452], [34.90875652, 27.9403452], [34.90875652, 27.94047995], [34.90880144, 27.94047995], [34.90880144, 27.94052486], [34.90875652, 27.94052486], [34.90875652, 27.94056978], [34.90866669, 27.94056978], [34.90866669, 27.94061469], [34.90862177, 27.94061469], [34.90862177, 27.94065961], [34.90857686, 27.94065961], [34.90857686, 27.94070452], [34.90853194, 27.94070452], [34.90853194, 27.94074944], [34.90848703, 27.94074944], [34.90848703, 27.94079436], [34.90844211, 27.94079436], [34.90844211, 27.94097402]], [[34.90920568, 27.94065961], [34.90920568, 27.94061469], [34.90925059, 27.94061469], [34.90925059, 27.94065961], [34.90920568, 27.94065961]]]]}, "geometry_name": "geom", "properties": {"class_name": "Coral/Algae", "area_sqkm": 0.008052989562997595}}, {"type": "Feature", "id": "benthic_data_verbose.fid-4dbf5249_1a0dd400c2d_-395a", "geometry": {"type": "MultiPolygon", "coordinates": [[[[34.91985071, 27.93989604], [34.91994054, 27.93989604], [34.91994054, 27.93985112], [34.91998546, 27.93985112], [34.91998546, 27.93980621], [34.92003038, 27.93980621], [34.92003038, 27.93962655], [34.91998546, 27.93962655], [34.91998546, 27.93958163], [34.91985071, 27.93958163], [34.91985071, 27.93962655], [34.91976088, 27.93962655], [34.91976088, 27.93985112], [34.91985071, 27.93985112], [34.91985071, 27.93989604]]]]}, "geometry_name": "geom", "properties": {"class_name": "Coral/Algae", "area_sqkm": 0.0007480950343348086}}, {"type": "Feature", "id": "benthic_data_verbose.fid-4dbf5249_1a0dd400c2d_-3959", "geometry": {"type": "MultiPolygon", "coordinates": [[[[34.90525309, 27.93962655], [34.90538784, 27.93962655], [34.90538784, 27.93953671], [34.90543275, 27.93953671], [34.90543275, 27.9394918], [34.9055675, 27.9394918], [34.9055675, 27.93944688], [34.90561242, 27.93944688], [34.90561242, 27.93940197], [34.9055675, 27.93940197], [34.9055675, 27.93935705], [34.90534292, 27.93935705], [34.90534292, 27.93940197], [34.90529801, 27.93940197], [34.90529801, 27.93944688], [34.90525309, 27.93944688], [34.90525309, 27.93962655]]]]}, "geometry_name": "geom", "properties": {"class_name": "Coral/Algae", "area_sqkm": 0.0006380825271122157}}, {"type": "Feature", "id": "benthic_data_verbose.fid-4dbf5249_1a0dd400c2d_-3958", "geometry": {"type": "MultiPolygon", "coordinates": [[[[34.91100231, 27.93967146], [34.91104722, 27.93967146], [34.91104722, 27.93958163], [34.91095739, 27.93958163], [34.91095739, 27.93962655], [34.91100231, 27.93962655], [34.91100231, 27.93967146]]]]}, "geometry_name": "geom", "properties": {"class_name": "Rock", "area_sqkm": 6.600845043733716e-05}}, {"type": "Feature", "id": "benthic_data_verbose.fid-4dbf5249_1a0dd400c2d_-3957", "geometry": {"type": "MultiPolygon", "coordinates": [[[[34.90525309, 27.93944688], [34.90529801, 27.93944688], [34.90529801, 27.93940197], [34.90525309, 27.93940197], [34.90525309, 27.93944688]]]]}, "geometry_name": "geom", "properties": {"class_name": "Rock", "area_sqkm": 2.2002856820821762e-05}}, {"type": "Feature", "id": "benthic_data_verbose.fid-4dbf5249_1a0dd400c2d_-3956", "geometry": {"type": "MultiPolygon", "coordinates": [[[[34.91203537, 27.93940197], [34.91208029, 27.93940197], [34.91208029, 27.93931214], [34.91203537, 27.93931214], [34.91203537, 27.93940197]]]]}, "geometry_name": "geom", "properties": {"class_name": "Coral/Algae", "area_sqkm": 4.4005740515887735e-05}}, {"type": "Feature", "id": "benthic_data_verbose.fid-4dbf5249_1a0dd400c2d_-3955", "geometry": {"type": "MultiPolygon", "coordinates": [[[[34.91055315, 27.93931214], [34.91059807, 27.93931214], [34.91059807, 27.93926722], [34.91055315, 27.93926722], [34.91055315, 27.93931214]]]]}, "geometry_name": "geom", "properties": {"class_name": "Rock", "area_sqkm": 2.200288369320333e-05}}, {"type": "Feature", "id": "benthic_data_verbose.fid-4dbf5249_1a0dd400c2d_-3954", "geometry": {"type": "MultiPolygon", "coordinates": [[[[34.91082264, 27.93940197], [34.91113706, 27.93940197], [34.91113706, 27.93935705], [34.91118197, 27.93935705], [34.91118197, 27.93931214], [34.91113706, 27.93931214], [34.91113706, 27.93926722], [34.91109214, 27.93926722], [34.91109214, 27.9392223], [34.91104722, 27.9392223], [34.91104722, 27.93926722], [34.91091248, 27.93926722], [34.91091248, 27.93931214], [34.91086756, 27.93931214], [34.91086756, 27.93935705], [34.91082264, 27.93935705], [34.91082264, 27.93940197]]]]}, "geometry_name": "geom", "properties": {"class_name": "Rock", "area_sqkm": 0.00044005768130533397}}, {"type": "Feature", "id": "benthic_data_verbose.fid-4dbf5249_1a0dd400c2d_-3953", "geometry": {"type": "MultiPolygon", "coordinates": [[[[34.91176588, 27.93931214], [34.91181079, 27.93931214], [34.91181079, 27.9392223], [34.91176588, 27.9392223], [34.91176588, 27.93931214]]]]}, "geometry_name": "geom", "properties": {"class_name": "Coral/Algae", "area_sqkm": 4.400577634200454e-05}}, {"type": "Feature", "id": "benthic_data_verbose.fid-4dbf5249_1a0dd400c2d_-3952", "geometry": {"type": "MultiPolygon", "coordinates": [[[[34.91055315, 27.93985112], [34.91086756, 27.93985112], [34.91086756, 27.93962655], [34.91095739, 27.93962655], [34.91095739, 27.93958163], [34.91104722, 27.93958163], [34.91104722, 27.93967146], [34.91113706, 27.93967146], [34.91113706, 27.93953671], [34.91136163, 27.93953671], [34.91136163, 27.93940197], [34.91131672, 27.93940197], [34.91131672, 27.9392223], [34.9112718, 27.9392223], [34.9112718, 27.93917739], [34.91122689, 27.93917739], [34.91122689, 27.93908756], [34.91118197, 27.93908756], [34.91118197, 27.93904264], [34.91091248, 27.93904264], [34.91091248, 27.93908756], [34.91082264, 27.93908756], [34.91082264, 27.93913247], [34.91077773, 27.93913247], [34.91077773, 27.9392223], [34.91073281, 27.9392223], [34.91073281, 27.93926722], [34.91059807, 27.93926722], [34.91059807, 27.93931214], [34.91055315, 27.93931214], [34.91055315, 27.93935705], [34.91050823, 27.93935705], [34.91050823, 27.93953671], [34.91073281, 27.93953671], [34.91073281, 27.93958163], [34.91077773, 27.93958163], [34.91077773, 27.93967146], [34.91064298, 27.93967146], [34.91064298, 27.93962655], [34.91059807, 27.93962655], [34.91059807, 27.93967146], [34.91055315, 27.93967146], [34.91055315, 27.93985112]], [[34.91082264, 27.93940197], [34.91082264, 27.93935705], [34.91086756, 27.93935705], [34.91086756, 27.93931214], [34.91091248, 27.93931214], [34.91091248, 27.93926722], [34.91104722, 27.93926722], [34.91104722, 27.9392223], [34.91109214, 27.9392223], [34.91109214, 27.93926722], [34.91113706, 27.93926722], [34.91113706, 27.93931214], [34.91118197, 27.93931214], [34.91118197, 27.93935705], [34.91113706, 27.93935705], [34.91113706, 27.93940197], [34.91082264, 27.93940197]]]]}, "geometry_name": "geom", "properties": {"class_name": "Coral/Algae", "area_sqkm": 0.004070528478074819}}, {"type": "Feature", "id": "benthic_data_verbose.fid-4dbf5249_1a0dd400c2d_-3951", "geometry": {"type": "MultiPolygon", "coordinates": [[[[34.91145147, 27.93913247], [34.9115413, 27.93913247], [34.9115413, 27.93899772], [34.91145147, 27.93899772], [34.91145147, 27.93913247]]]]}, "geometry_name": "geom", "properties": {"class_name": "Coral/Algae", "area_sqkm": 0.00013201757084950805}}, {"type": "Feature", "id": "benthic_data_verbose.fid-4dbf5249_1a0dd400c2d_-3950", "geometry": {"type": "MultiPolygon", "coordinates": [[[[34.91176588, 27.93895281], [34.91185571, 27.93895281], [34.91185571, 27.93881806], [34.91172096, 27.93881806], [34.91172096, 27.93890789], [34.91176588, 27.93890789], [34.91176588, 27.93895281]]]]}, "geometry_name": "geom", "properties": {"class_name": "Coral/Algae", "area_sqkm": 0.00017602371257729828}}, {"type": "Feature", "id": "benthic_data_verbose.fid-4dbf5249_1a0dd400c2d_-394f", "geometry": {"type": "MultiPolygon", "coordinates": [[[[34.91270911, 27.93868331], [34.91284385, 27.93868331], [34.91284385, 27.9386384], [34.91288877, 27.9386384], [34.91288877, 27.93859348], [34.91275402, 27.93859348], [34.91275402, 27.9386384], [34.91270911, 27.9386384], [34.91270911, 27.93868331]]]]}, "geometry_name": "geom", "properties": {"class_name": "Rock", "area_sqkm": 0.0001320180813446641}}, {"type": "Feature", "id": "benthic_data_verbose.fid-4dbf5249_1a0dd400c2d_-394e", "geometry": {"type": "MultiPolygon", "coordinates": [[[[34.9087116, 27.9386384], [34.90875652, 27.9386384], [34.90875652, 27.93859348], [34.90880144, 27.93859348], [34.90880144, 27.93850365], [34.90866669, 27.93850365], [34.90866669, 27.93859348], [34.9087116, 27.93859348], [34.9087116, 27.9386384]]]]}, "geometry_name": "geom", "properties": {"class_name": "Sand", "area_sqkm": 0.00015402119250409305}}, {"type": "Feature", "id": "benthic_data_verbose.fid-4dbf5249_1a0dd400c2d_-394d", "geometry": {"type": "MultiPolygon", "coordinates": [[[[34.90624124, 27.93904264], [34.90628615, 27.93904264], [34.90628615, 27.93899772], [34.90637598, 27.93899772], [34.90637598, 27.93895281], [34.90646582, 27.93895281], [34.90646582, 27.93886298], [34.90651073, 27.93886298], [34.90651073, 27.93877315], [34.90655565, 27.93877315], [34.90655565, 27.93872823], [34.90660056, 27.93872823], [34.90660056, 27.93868331], [34.90664548, 27.93868331], [34.90664548, 27.93859348], [34.90669039, 27.93859348], [34.90669039, 27.93854857], [34.90678023, 27.93854857], [34.90678023, 27.93850365], [34.90687006, 27.93850365], [34.90687006, 27.93845874], [34.90731922, 27.93845874], [34.90731922, 27.93841382], [34.90740905, 27.93841382], [34.90740905, 27.93845874], [34.90754379, 27.93845874], [34.90754379, 27.93841382], [34.90758871, 27.93841382], [34.90758871, 27.9383689], [34.90763363, 27.9383689], [34.90763363, 27.93832399], [34.90767854, 27.93832399], [34.90767854, 27.93827907], [34.90758871, 27.93827907], [34.90758871, 27.93823416], [34.90754379, 27.93823416], [34.90754379, 27.93827907], [34.90749888, 27.93827907], [34.90749888, 27.93818924], [34.90745396, 27.93818924], [34.90745396, 27.93823416], [34.90718447, 27.93823416], [34.90718447, 27.93832399], [34.9070048, 27.93832399], [34.9070048, 27.93823416], [34.90682514, 27.93823416], [34.90682514, 27.93832399], [34.90646582, 27.93832399], [34.90646582, 27.93859348], [34.90637598, 27.93859348], [34.90637598, 27.93868331], [34.90610649, 27.93868331], [34.90610649, 27.93859348], [34.9055675, 27.93859348], [34.9055675, 27.93890789], [34.90579208, 27.93890789], [34.90579208, 27.93886298], [34.905837, 27.93886298], [34.905837, 27.93881806], [34.90601666, 27.93881806], [34.90601666, 27.93886298], [34.90606157, 27.93886298], [34.90606157, 27.93890789], [34.90610649, 27.93890789], [34.90610649, 27.93895281], [34.90619632, 27.93895281], [34.90619632, 27.93899772], [34.90624124, 27.93899772], [34.90624124, 27.93904264]]]]}, "geometry_name": "geom", "properties": {"class_name": "Sand", "area_sqkm": 0.005896809209888801}}, {"type": "Feature", "id": "benthic_data_verbose.fid-4dbf5249_1a0dd400c2d_-394c", "geometry": {"type": "MultiPolygon", "coordinates": [[[[34.90920568, 27.93859348], [34.90925059, 27.93859348], [34.90925059, 27.93854857], [34.90934042, 27.93854857], [34.90934042, 27.93841382], [34.90916076, 27.93841382], [34.90916076, 27.93854857], [34.90920568, 27.93854857], [34.90920568, 27.93859348]]]]}, "geometry_name": "geom", "properties": {"class_name": "Sand", "area_sqkm": 0.0002860395335406065}}, {"type": "Feature", "id": "benthic_data_verbose.fid-4dbf5249_1a0dd400c2d_-394b", "geometry": {"type": "MultiPolygon", "coordinates": [[[[34.90799295, 27.93827907], [34.90803787, 27.93827907], [34.90803787, 27.93823416], [34.90799295, 27.93823416], [34.90799295, 27.93827907]]]]}, "geometry_name": "geom", "properties": {"class_name": "Coral/Algae", "area_sqkm": 2.200308968499303e-05}}, {"type": "Feature", "id": "benthic_data_verbose.fid-4dbf5249_1a0dd400c2d_-394a", "geometry": {"type": "MultiPolygon", "coordinates": [[[[34.91149638, 27.93935705], [34.91158621, 27.93935705], [34.91158621, 27.93931214], [34.91167604, 27.93931214], [34.91167604, 27.93926722], [34.91176588, 27.93926722], [34.91176588, 27.9392223], [34.91181079, 27.9392223], [34.91181079, 27.93931214], [34.91185571, 27.93931214], [34.91185571, 27.93926722], [34.91194554, 27.93926722], [34.91194554, 27.9392223], [34.91199045, 27.9392223], [34.91199045, 27.93926722], [34.91217012, 27.93926722], [34.91217012, 27.9392223], [34.91252944, 27.9392223], [34.91252944, 27.93917739], [34.91270911, 27.93917739], [34.91270911, 27.9392223], [34.91288877, 27.9392223], [34.91288877, 27.93917739], [34.9129786, 27.93917739], [34.9129786, 27.93913247], [34.91302352, 27.93913247], [34.91302352, 27.93908756], [34.91320318, 27.93908756], [34.91320318, 27.93904264], [34.91329301, 27.93904264], [34.91329301, 27.93899772], [34.91333793, 27.93899772], [34.91333793, 27.93895281], [34.91338284, 27.93895281], [34.91338284, 27.93890789], [34.91347267, 27.93890789], [34.91347267, 27.93886298], [34.91351759, 27.93886298], [34.91351759, 27.93881806], [34.91365234, 27.93881806], [34.91365234, 27.93886298], [34.91374217, 27.93886298], [34.91374217, 27.93890789], [34.913832, 27.93890789], [34.913832, 27.93895281], [34.91387692, 27.93895281], [34.91387692, 27.93886298], [34.913832, 27.93886298], [34.913832, 27.93872823], [34.91392183, 27.93872823], [34.91392183, 27.93868331], [34.9141015, 27.93868331], [34.9141015, 27.9386384], [34.91419133, 27.9386384], [34.91419133, 27.93859348], [34.91423624, 27.93859348], [34.91423624, 27.93845874], [34.91419133, 27.93845874], [34.91419133, 27.93841382], [34.9141015, 27.93841382], [34.9141015, 27.9383689], [34.91405658, 27.9383689], [34.91405658, 27.93814433], [34.91396675, 27.93814433], [34.91396675, 27.93818924], [34.91387692, 27.93818924], [34.91387692, 27.93823416], [34.91378709, 27.93823416], [34.91378709, 27.93827907], [34.91369725, 27.93827907], [34.91369725, 27.93832399], [34.91360742, 27.93832399], [34.91360742, 27.93841382], [34.9132481, 27.93841382], [34.9132481, 27.93850365], [34.91329301, 27.93850365], [34.91329301, 27.93854857], [34.91347267, 27.93854857], [34.91347267, 27.9386384], [34.91338284, 27.9386384], [34.91338284, 27.93868331], [34.91329301, 27.93868331], [34.91329301, 27.93872823], [34.9132481, 27.93872823], [34.9132481, 27.93881806], [34.91320318, 27.93881806], [34.91320318, 27.93886298], [34.91315826, 27.93886298], [34.91315826, 27.93881806], [34.91311335, 27.93881806], [34.91311335, 27.93877315], [34.91293369, 27.93877315], [34.91293369, 27.93881806], [34.91275402, 27.93881806], [34.91275402, 27.93890789], [34.91270911, 27.93890789], [34.91270911, 27.93895281], [34.91257436, 27.93895281], [34.91257436, 27.93890789], [34.91248453, 27.93890789], [34.91248453, 27.93886298], [34.91252944, 27.93886298], [34.91252944, 27.93877315], [34.91243961, 27.93877315], [34.91243961, 27.93872823], [34.9123947, 27.93872823], [34.9123947, 27.93868331], [34.91203537, 27.93868331], [34.91203537, 27.93872823], [34.91190062, 27.93872823], [34.91190062, 27.93877315], [34.91181079, 27.93877315], [34.91181079, 27.93881806], [34.91185571, 27.93881806], [34.91185571, 27.93895281], [34.91176588, 27.93895281], [34.91176588, 27.93890789], [34.91172096, 27.93890789], [34.91172096, 27.93881806], [34.91167604, 27.93881806], [34.91167604, 27.93890789], [34.91163113, 27.93890789], [34.91163113, 27.93886298], [34.9115413, 27.93886298], [34.9115413, 27.93890789], [34.91145147, 27.93890789], [34.91145147, 27.93886298], [34.91140655, 27.93886298], [34.91140655, 27.93890789], [34.91131672, 27.93890789], [34.91131672, 27.93895281], [34.91122689, 27.93895281], [34.91122689, 27.93899772], [34.91118197, 27.93899772], [34.91118197, 27.93908756], [34.91122689, 27.93908756], [34.91122689, 27.93917739], [34.9112718, 27.93917739], [34.9112718, 27.9392223], [34.91131672, 27.9392223], [34.91131672, 27.93931214], [34.91149638, 27.93931214], [34.91149638, 27.93935705]], [[34.91145147, 27.93913247], [34.91145147, 27.93899772], [34.9115413, 27.93899772], [34.9115413, 27.93913247], [34.91145147, 27.93913247]], [[34.91176588, 27.93908756], [34.91176588, 27.93904264], [34.91181079, 27.93904264], [34.91181079, 27.93908756], [34.91176588, 27.93908756]], [[34.91203537, 27.93908756], [34.91203537, 27.93904264], [34.91208029, 27.93904264], [34.91208029, 27.93886298], [34.9121252, 27.93886298], [34.9121252, 27.93881806], [34.91248453, 27.93881806], [34.91248453, 27.93886298], [34.91243961, 27.93886298], [34.91243961, 27.93890789], [34.91225995, 27.93890789], [34.91225995, 27.93895281], [34.91217012, 27.93895281], [34.91217012, 27.93904264], [34.9121252, 27.93904264], [34.9121252, 27.93908756], [34.91203537, 27.93908756]], [[34.91288877, 27.93904264], [34.91288877, 27.93899772], [34.91284385, 27.93899772], [34.91284385, 27.93890789], [34.91288877, 27.93890789], [34.91288877, 27.93886298], [34.9129786, 27.93886298], [34.9129786, 27.93899772], [34.91293369, 27.93899772], [34.91293369, 27.93904264], [34.91288877, 27.93904264]]]]}, "geometry_name": "geom", "properties": {"class_name": "Rock", "area_sqkm": 0.012871737437110394}}, {"type": "Feature", "id": "benthic_data_verbose.fid-4dbf5249_1a0dd400c2d_-3949", "geometry": {"type": "MultiPolygon", "coordinates": [[[[34.90920568, 27.93805449], [34.90929551, 27.93805449], [34.90929551, 27.93791975], [34.90920568, 27.93791975], [34.90920568, 27.93805449]]]]}, "geometry_name": "geom", "properties": {"class_name": "Sand", "area_sqkm": 0.0001320188605301082}}, {"type": "Feature", "id": "benthic_data_verbose.fid-4dbf5249_1a0dd400c2d_-3948", "geometry": {"type": "MultiPolygon", "coordinates": [[[[34.90880144, 27.93809941], [34.90884635, 27.93809941], [34.90884635, 27.93800958], [34.90875652, 27.93800958], [34.90875652, 27.93805449], [34.90880144, 27.93805449], [34.90880144, 27.93809941]]]]}, "geometry_name": "geom", "properties": {"class_name": "Rubble", "area_sqkm": 6.600939084962011e-05}}, {"type": "Feature", "id": "benthic_data_verbose.fid-4dbf5249_1a0dd400c2d_-3947", "geometry": {"type": "MultiPolygon", "coordinates": [[[[34.91392183, 27.93814433], [34.9141015, 27.93814433], [34.9141015, 27.93809941], [34.91414641, 27.93809941], [34.91414641, 27.93805449], [34.91428116, 27.93805449], [34.91428116, 27.93800958], [34.91432607, 27.93800958], [34.91432607, 27.93791975], [34.91437099, 27.93791975], [34.91437099, 27.93769517], [34.91414641, 27.93769517], [34.91414641, 27.93774008], [34.91405658, 27.93774008], [34.91405658, 27.93800958], [34.91396675, 27.93800958], [34.91396675, 27.93805449], [34.91392183, 27.93805449], [34.91392183, 27.93814433]]]]}, "geometry_name": "geom", "properties": {"class_name": "Sand", "area_sqkm": 0.0013421926603298634}}, {"type": "Feature", "id": "benthic_data_verbose.fid-4dbf5249_1a0dd400c2d_-3946", "geometry": {"type": "MultiPolygon", "coordinates": [[[[34.91504473, 27.93738076], [34.91508964, 27.93738076], [34.91508964, 27.93733584], [34.91504473, 27.93733584], [34.91504473, 27.93738076]]]]}, "geometry_name": "geom", "properties": {"class_name": "Coral/Algae", "area_sqkm": 2.2003268802538516e-05}}, {"type": "Feature", "id": "benthic_data_verbose.fid-4dbf5249_1a0dd400c2d_-3945", "geometry": {"type": "MultiPolygon", "coordinates": [[[[34.91504473, 27.93729093], [34.91513456, 27.93729093], [34.91513456, 27.93724601], [34.91517947, 27.93724601], [34.91517947, 27.93706635], [34.91522439, 27.93706635], [34.91522439, 27.93702143], [34.91517947, 27.93702143], [34.91517947, 27.93697652], [34.91522439, 27.93697652], [34.91522439, 27.93688668], [34.91526931, 27.93688668], [34.91526931, 27.93679685], [34.91531422, 27.93679685], [34.91531422, 27.93670702], [34.91535914, 27.93670702], [34.91535914, 27.93657227], [34.91540405, 27.93657227], [34.91540405, 27.93643753], [34.91535914, 27.93643753], [34.91535914, 27.93639261], [34.91531422, 27.93639261], [34.91531422, 27.93648244], [34.91526931, 27.93648244], [34.91526931, 27.93652736], [34.91522439, 27.93652736], [34.91522439, 27.93657227], [34.91513456, 27.93657227], [34.91513456, 27.93648244], [34.91508964, 27.93648244], [34.91508964, 27.93652736], [34.91504473, 27.93652736], [34.91504473, 27.93706635], [34.91499981, 27.93706635], [34.91499981, 27.93724601], [34.91504473, 27.93724601], [34.91504473, 27.93729093]]]]}, "geometry_name": "geom", "properties": {"class_name": "Coral/Algae", "area_sqkm": 0.0019583004344906657}}, {"type": "Feature", "id": "benthic_data_verbose.fid-4dbf5249_1a0dd400c2d_-3944", "geometry": {"type": "MultiPolygon", "coordinates": [[[[34.9141015, 27.93571887], [34.91414641, 27.93571887], [34.91414641, 27.93567396], [34.9141015, 27.93567396], [34.9141015, 27.93571887]]]]}, "geometry_name": "geom", "properties": {"class_name": "Rubble", "area_sqkm": 2.2003600159659982e-05}}, {"type": "Feature", "id": "benthic_data_verbose.fid-4dbf5249_1a0dd400c2d_-3943", "geometry": {"type": "MultiPolygon", "coordinates": [[[[34.91535914, 27.93639261], [34.91540405, 27.93639261], [34.91540405, 27.93630278], [34.91549388, 27.93630278], [34.91549388, 27.93625786], [34.91558372, 27.93625786], [34.91558372, 27.93612312], [34.91562863, 27.93612312], [34.91562863, 27.93603328], [34.91571846, 27.93603328], [34.91571846, 27.93598837], [34.91567355, 27.93598837], [34.91567355, 27.93594345], [34.91562863, 27.93594345], [34.91562863, 27.93589854], [34.91558372, 27.93589854], [34.91558372, 27.93598837], [34.9155388, 27.93598837], [34.9155388, 27.93603328], [34.91549388, 27.93603328], [34.91549388, 27.93612312], [34.91544897, 27.93612312], [34.91544897, 27.93616803], [34.91540405, 27.93616803], [34.91540405, 27.93625786], [34.91535914, 27.93625786], [34.91535914, 27.93639261]]]]}, "geometry_name": "geom", "properties": {"class_name": "Coral/Algae", "area_sqkm": 0.0006381018541436643}}, {"type": "Feature", "id": "benthic_data_verbose.fid-4dbf5249_1a0dd400c2d_-3942", "geometry": {"type": "MultiPolygon", "coordinates": [[[[34.91320318, 27.93652736], [34.91329301, 27.93652736], [34.91329301, 27.93648244], [34.91342776, 27.93648244], [34.91342776, 27.93634769], [34.91338284, 27.93634769], [34.91338284, 27.93630278], [34.91333793, 27.93630278], [34.91333793, 27.93625786], [34.91329301, 27.93625786], [34.91329301, 27.93612312], [34.9132481, 27.93612312], [34.9132481, 27.93594345], [34.91329301, 27.93594345], [34.91329301, 27.93580871], [34.9132481, 27.93580871], [34.9132481, 27.93576379], [34.91315826, 27.93576379], [34.91315826, 27.93571887], [34.91306843, 27.93571887], [34.91306843, 27.93576379], [34.91302352, 27.93576379], [34.91302352, 27.93580871], [34.9129786, 27.93580871], [34.9129786, 27.93585362], [34.91293369, 27.93585362], [34.91293369, 27.93589854], [34.91284385, 27.93589854], [34.91284385, 27.93594345], [34.91279894, 27.93594345], [34.91279894, 27.93598837], [34.91275402, 27.93598837], [34.91275402, 27.93616803], [34.91293369, 27.93616803], [34.91293369, 27.93621295], [34.9129786, 27.93621295], [34.9129786, 27.93630278], [34.91306843, 27.93630278], [34.91306843, 27.93634769], [34.91311335, 27.93634769], [34.91311335, 27.93639261], [34.91315826, 27.93639261], [34.91315826, 27.93648244], [34.91320318, 27.93648244], [34.91320318, 27.93652736]]]]}, "geometry_name": "geom", "properties": {"class_name": "Rubble", "area_sqkm": 0.003036485477358103}}, {"type": "Feature", "id": "benthic_data_verbose.fid-4dbf5249_1a0dd400c2d_-3941", "geometry": {"type": "MultiPolygon", "coordinates": [[[[34.91513456, 27.93657227], [34.91522439, 27.93657227], [34.91522439, 27.93652736], [34.91526931, 27.93652736], [34.91526931, 27.93648244], [34.91531422, 27.93648244], [34.91531422, 27.93639261], [34.91535914, 27.93639261], [34.91535914, 27.93625786], [34.91540405, 27.93625786], [34.91540405, 27.93616803], [34.91544897, 27.93616803], [34.91544897, 27.93612312], [34.91549388, 27.93612312], [34.91549388, 27.93603328], [34.9155388, 27.93603328], [34.9155388, 27.93598837], [34.91558372, 27.93598837], [34.91558372, 27.93589854], [34.91562863, 27.93589854], [34.91562863, 27.93571887], [34.91571846, 27.93571887], [34.91571846, 27.93562904], [34.91576338, 27.93562904], [34.91576338, 27.93553921], [34.91585321, 27.93553921], [34.91585321, 27.9354943], [34.91589813, 27.9354943], [34.91589813, 27.93540446], [34.91585321, 27.93540446], [34.91585321, 27.93531463], [34.91580829, 27.93531463], [34.91580829, 27.93526972], [34.91571846, 27.93526972], [34.91571846, 27.93531463], [34.91567355, 27.93531463], [34.91567355, 27.93540446], [34.91562863, 27.93540446], [34.91562863, 27.9354943], [34.91558372, 27.9354943], [34.91558372, 27.93553921], [34.9155388, 27.93553921], [34.9155388, 27.93567396], [34.91549388, 27.93567396], [34.91549388, 27.93576379], [34.91544897, 27.93576379], [34.91544897, 27.93589854], [34.91540405, 27.93589854], [34.91540405, 27.93594345], [34.91535914, 27.93594345], [34.91535914, 27.93598837], [34.91531422, 27.93598837], [34.91531422, 27.93612312], [34.91526931, 27.93612312], [34.91526931, 27.93621295], [34.91522439, 27.93621295], [34.91522439, 27.93630278], [34.91517947, 27.93630278], [34.91517947, 27.93639261], [34.91513456, 27.93639261], [34.91513456, 27.93657227]]]]}, "geometry_name": "geom", "properties": {"class_name": "Rock", "area_sqkm": 0.002618423993177712}}, {"type": "Feature", "id": "benthic_data_verbose.fid-4dbf5249_1a0dd400c2d_-3940", "geometry": {"type": "MultiPolygon", "coordinates": [[[[34.90264798, 27.93509005], [34.90269289, 27.93509005], [34.90269289, 27.93500022], [34.90264798, 27.93500022], [34.90264798, 27.93509005]]]]}, "geometry_name": "geom", "properties": {"class_name": "Rock", "area_sqkm": 4.400746001675725e-05}}, {"type": "Feature", "id": "benthic_data_verbose.fid-4dbf5249_1a0dd400c2d_-393f", "geometry": {"type": "MultiPolygon", "coordinates": [[[[34.91661678, 27.93468581], [34.91675153, 27.93468581], [34.91675153, 27.93459598], [34.91679644, 27.93459598], [34.91679644, 27.93455106], [34.91670661, 27.93455106], [34.91670661, 27.93459598], [34.91666169, 27.93459598], [34.91666169, 27.9346409], [34.91661678, 27.9346409], [34.91661678, 27.93468581]]]]}, "geometry_name": "geom", "properties": {"class_name": "Rock", "area_sqkm": 0.00015402670739777385}}, {"type": "Feature", "id": "benthic_data_verbose.fid-4dbf5249_1a0dd400c2d_-393e", "geometry": {"type": "MultiPolygon", "coordinates": [[[[34.91482015, 27.93441632], [34.91490998, 27.93441632], [34.91490998, 27.9343714], [34.91482015, 27.9343714], [34.91482015, 27.93441632]]]]}, "geometry_name": "geom", "properties": {"class_name": "Sand", "area_sqkm": 4.4007719717919824e-05}}, {"type": "Feature", "id": "benthic_data_verbose.fid-4dbf5249_1a0dd400c2d_-393d", "geometry": {"type": "MultiPolygon", "coordinates": [[[[34.90210899, 27.93387733], [34.9021539, 27.93387733], [34.9021539, 27.93383241], [34.90210899, 27.93383241], [34.90210899, 27.93387733]]]]}, "geometry_name": "geom", "properties": {"class_name": "Rock", "area_sqkm": 2.2003967320546508e-05}}, {"type": "Feature", "id": "benthic_data_verbose.fid-4dbf5249_1a0dd400c2d_-393c", "geometry": {"type": "MultiPolygon", "coordinates": [[[[34.91607779, 27.93553921], [34.91612271, 27.93553921], [34.91612271, 27.9354943], [34.91621254, 27.9354943], [34.91621254, 27.93544938], [34.91630237, 27.93544938], [34.91630237, 27.93540446], [34.91634728, 27.93540446], [34.91634728, 27.93535955], [34.91643712, 27.93535955], [34.91643712, 27.93526972], [34.91648203, 27.93526972], [34.91648203, 27.93517988], [34.91652695, 27.93517988], [34.91652695, 27.93509005], [34.91657186, 27.93509005], [34.91657186, 27.93504514], [34.91661678, 27.93504514], [34.91661678, 27.93500022], [34.91666169, 27.93500022], [34.91666169, 27.93495531], [34.91670661, 27.93495531], [34.91670661, 27.93491039], [34.91688627, 27.93491039], [34.91688627, 27.93486547], [34.91693119, 27.93486547], [34.91693119, 27.93482056], [34.91706594, 27.93482056], [34.91706594, 27.93473073], [34.91715577, 27.93473073], [34.91715577, 27.93455106], [34.9172456, 27.93455106], [34.9172456, 27.93446123], [34.91733543, 27.93446123], [34.91733543, 27.93441632], [34.91738035, 27.93441632], [34.91738035, 27.9343714], [34.91742526, 27.9343714], [34.91742526, 27.93432649], [34.91747018, 27.93432649], [34.91747018, 27.93419174], [34.91751509, 27.93419174], [34.91751509, 27.93410191], [34.91742526, 27.93410191], [34.91742526, 27.93401207], [34.91738035, 27.93401207], [34.91738035, 27.93387733], [34.91742526, 27.93387733], [34.91742526, 27.9337875], [34.91747018, 27.9337875], [34.91747018, 27.93369766], [34.91751509, 27.93369766], [34.91751509, 27.93365275], [34.91756001, 27.93365275], [34.91756001, 27.93360783], [34.91760493, 27.93360783], [34.91760493, 27.93356292], [34.91764984, 27.93356292], [34.91764984, 27.93360783], [34.91778459, 27.93360783], [34.91778459, 27.93365275], [34.91841341, 27.93365275], [34.91841341, 27.93356292], [34.91922189, 27.93356292], [34.91922189, 27.93347309], [34.91931172, 27.93347309], [34.91931172, 27.93338325], [34.91940156, 27.93338325], [34.91940156, 27.93329342], [34.91935664, 27.93329342], [34.91935664, 27.93324851], [34.91931172, 27.93324851], [34.91931172, 27.93329342], [34.91926681, 27.93329342], [34.91926681, 27.93333834], [34.91922189, 27.93333834], [34.91922189, 27.93338325], [34.91877274, 27.93338325], [34.91877274, 27.93342817], [34.91854816, 27.93342817], [34.91854816, 27.93338325], [34.91836849, 27.93338325], [34.91836849, 27.93333834], [34.91832358, 27.93333834], [34.91832358, 27.93329342], [34.91827866, 27.93329342], [34.91827866, 27.93324851], [34.91823375, 27.93324851], [34.91823375, 27.93338325], [34.91827866, 27.93338325], [34.91827866, 27.93342817], [34.91832358, 27.93342817], [34.91832358, 27.93356292], [34.91814391, 27.93356292], [34.91814391, 27.933518], [34.91791934, 27.933518], [34.91791934, 27.93342817], [34.91742526, 27.93342817], [34.91742526, 27.93347309], [34.91738035, 27.93347309], [34.91738035, 27.93360783], [34.91733543, 27.93360783], [34.91733543, 27.93392224], [34.9172456, 27.93392224], [34.9172456, 27.93396716], [34.91711085, 27.93396716], [34.91711085, 27.93401207], [34.91706594, 27.93401207], [34.91706594, 27.93405699], [34.91711085, 27.93405699], [34.91711085, 27.93410191], [34.91715577, 27.93410191], [34.91715577, 27.93414682], [34.91720068, 27.93414682], [34.91720068, 27.93419174], [34.9172456, 27.93419174], [34.9172456, 27.93428157], [34.91720068, 27.93428157], [34.91720068, 27.93432649], [34.91711085, 27.93432649], [34.91711085, 27.9343714], [34.91706594, 27.9343714], [34.91706594, 27.93446123], [34.91702102, 27.93446123], [34.91702102, 27.93455106], [34.91693119, 27.93455106], [34.91693119, 27.93459598], [34.91688627, 27.93459598], [34.91688627, 27.93455106], [34.91679644, 27.93455106], [34.91679644, 27.93459598], [34.91675153, 27.93459598], [34.91675153, 27.93468581], [34.91661678, 27.93468581], [34.91661678, 27.9346409], [34.91652695, 27.9346409], [34.91652695, 27.93477564], [34.91648203, 27.93477564], [34.91648203, 27.93482056], [34.91634728, 27.93482056], [34.91634728, 27.93491039], [34.91630237, 27.93491039], [34.91630237, 27.93504514], [34.91625745, 27.93504514], [34.91625745, 27.93509005], [34.91621254, 27.93509005], [34.91621254, 27.93513497], [34.91616762, 27.93513497], [34.91616762, 27.9352248], [34.91612271, 27.9352248], [34.91612271, 27.93526972], [34.91616762, 27.93526972], [34.91616762, 27.93531463], [34.91612271, 27.93531463], [34.91612271, 27.93535955], [34.91598796, 27.93535955], [34.91598796, 27.93526972], [34.91594304, 27.93526972], [34.91594304, 27.93509005], [34.91598796, 27.93509005], [34.91598796, 27.93491039], [34.91603287, 27.93491039], [34.91603287, 27.9346409], [34.91607779, 27.9346409], [34.91607779, 27.93459598], [34.91612271, 27.93459598], [34.91612271, 27.93450615], [34.91616762, 27.93450615], [34.91616762, 27.93446123], [34.91625745, 27.93446123], [34.91625745, 27.93455106], [34.91630237, 27.93455106], [34.91630237, 27.93446123], [34.91634728, 27.93446123], [34.91634728, 27.9343714], [34.91643712, 27.9343714], [34.91643712, 27.93428157], [34.9163922, 27.93428157], [34.9163922, 27.93423665], [34.91634728, 27.93423665], [34.91634728, 27.93414682], [34.91630237, 27.93414682], [34.91630237, 27.93405699], [34.91634728, 27.93405699], [34.91634728, 27.93401207], [34.9163922, 27.93401207], [34.9163922, 27.93396716], [34.91643712, 27.93396716], [34.91643712, 27.93387733], [34.91648203, 27.93387733], [34.91648203, 27.9337875], [34.91643712, 27.9337875], [34.91643712, 27.93383241], [34.9163922, 27.93383241], [34.9163922, 27.93387733], [34.91634728, 27.93387733], [34.91634728, 27.93392224], [34.91625745, 27.93392224], [34.91625745, 27.93396716], [34.91621254, 27.93396716], [34.91621254, 27.93401207], [34.91616762, 27.93401207], [34.91616762, 27.93419174], [34.91612271, 27.93419174], [34.91612271, 27.93432649], [34.91607779, 27.93432649], [34.91607779, 27.9343714], [34.91603287, 27.9343714], [34.91603287, 27.93441632], [34.91598796, 27.93441632], [34.91598796, 27.9346409], [34.91594304, 27.9346409], [34.91594304, 27.93468581], [34.91589813, 27.93468581], [34.91589813, 27.93473073], [34.91585321, 27.93473073], [34.91585321, 27.93500022], [34.91580829, 27.93500022], [34.91580829, 27.93509005], [34.91576338, 27.93509005], [34.91576338, 27.93517988], [34.91571846, 27.93517988], [34.91571846, 27.93526972], [34.91580829, 27.93526972], [34.91580829, 27.93531463], [34.91585321, 27.93531463], [34.91585321, 27.93540446], [34.91589813, 27.93540446], [34.91589813, 27.9354943], [34.91607779, 27.9354943], [34.91607779, 27.93553921]]]]}, "geometry_name": "geom", "properties": {"class_name": "Coral/Algae", "area_sqkm": 0.013422365542024374}}, {"type": "Feature", "id": "benthic_data_verbose.fid-4dbf5249_1a0dd400c2d_-393b", "geometry": {"type": "MultiPolygon", "coordinates": [[[[34.91989563, 27.93333834], [34.92003038, 27.93333834], [34.92003038, 27.93320359], [34.91989563, 27.93320359], [34.91989563, 27.93333834]]]]}, "geometry_name": "geom", "properties": {"class_name": "Rock", "area_sqkm": 0.00019803675354272126}}, {"type": "Feature", "id": "benthic_data_verbose.fid-4dbf5249_1a0dd400c2d_-393a", "geometry": {"type": "MultiPolygon", "coordinates": [[[[34.91625745, 27.93360783], [34.91634728, 27.93360783], [34.91634728, 27.93347309], [34.9163922, 27.93347309], [34.9163922, 27.93329342], [34.91634728, 27.93329342], [34.91634728, 27.93324851], [34.91630237, 27.93324851], [34.91630237, 27.93320359], [34.91625745, 27.93320359], [34.91625745, 27.93315868], [34.91621254, 27.93315868], [34.91621254, 27.93311376], [34.91616762, 27.93311376], [34.91616762, 27.93315868], [34.91607779, 27.93315868], [34.91607779, 27.93320359], [34.91603287, 27.93320359], [34.91603287, 27.93324851], [34.91589813, 27.93324851], [34.91589813, 27.93329342], [34.91594304, 27.93329342], [34.91594304, 27.93333834], [34.91612271, 27.93333834], [34.91612271, 27.93338325], [34.91616762, 27.93338325], [34.91616762, 27.93342817], [34.91621254, 27.93342817], [34.91621254, 27.93356292], [34.91625745, 27.93356292], [34.91625745, 27.93360783]]]]}, "geometry_name": "geom", "properties": {"class_name": "Rubble", "area_sqkm": 0.0011882197995111347}}, {"type": "Feature", "id": "benthic_data_verbose.fid-4dbf5249_1a0dd400c2d_-3939", "geometry": {"type": "MultiPolygon", "coordinates": [[[[34.91890748, 27.93320359], [34.91913206, 27.93320359], [34.91913206, 27.93315868], [34.91917698, 27.93315868], [34.91917698, 27.93306884], [34.91913206, 27.93306884], [34.91913206, 27.93302393], [34.91877274, 27.93302393], [34.91877274, 27.93315868], [34.91890748, 27.93315868], [34.91890748, 27.93320359]]]]}, "geometry_name": "geom", "properties": {"class_name": "Coral/Algae", "area_sqkm": 0.0006821273920983076}}, {"type": "Feature", "id": "benthic_data_verbose.fid-4dbf5249_1a0dd400c2d_-3938", "geometry": {"type": "MultiPolygon", "coordinates": [[[[34.91374217, 27.93383241], [34.91441591, 27.93383241], [34.91441591, 27.93374258], [34.91392183, 27.93374258], [34.91392183, 27.93369766], [34.91378709, 27.93369766], [34.91378709, 27.93365275], [34.91365234, 27.93365275], [34.91365234, 27.93360783], [34.91360742, 27.93360783], [34.91360742, 27.93365275], [34.91342776, 27.93365275], [34.91342776, 27.93360783], [34.91338284, 27.93360783], [34.91338284, 27.93347309], [34.91333793, 27.93347309], [34.91333793, 27.93342817], [34.91329301, 27.93342817], [34.91329301, 27.93338325], [34.91315826, 27.93338325], [34.91315826, 27.93333834], [34.91311335, 27.93333834], [34.91311335, 27.93329342], [34.91306843, 27.93329342], [34.91306843, 27.93320359], [34.91302352, 27.93320359], [34.91302352, 27.93315868], [34.91293369, 27.93315868], [34.91293369, 27.93320359], [34.91279894, 27.93320359], [34.91279894, 27.93315868], [34.91270911, 27.93315868], [34.91270911, 27.93311376], [34.91266419, 27.93311376], [34.91266419, 27.93306884], [34.91261928, 27.93306884], [34.91261928, 27.93302393], [34.91257436, 27.93302393], [34.91257436, 27.93297901], [34.91252944, 27.93297901], [34.91252944, 27.9329341], [34.91230487, 27.9329341], [34.91230487, 27.93302393], [34.9123947, 27.93302393], [34.9123947, 27.93311376], [34.91248453, 27.93311376], [34.91248453, 27.93320359], [34.91257436, 27.93320359], [34.91257436, 27.93329342], [34.91275402, 27.93329342], [34.91275402, 27.93338325], [34.91284385, 27.93338325], [34.91284385, 27.93347309], [34.91293369, 27.93347309], [34.91293369, 27.93356292], [34.91302352, 27.93356292], [34.91302352, 27.93365275], [34.91311335, 27.93365275], [34.91311335, 27.93374258], [34.91374217, 27.93374258], [34.91374217, 27.93383241]]]]}, "geometry_name": "geom", "properties": {"class_name": "Sand", "area_sqkm": 0.004334799695832655}}, {"type": "Feature", "id": "benthic_data_verbose.fid-4dbf5249_1a0dd400c2d_-3937", "geometry": {"type": "MultiPolygon", "coordinates": [[[[34.91266419, 27.93297901], [34.91270911, 27.93297901], [34.91270911, 27.9329341], [34.91266419, 27.9329341], [34.91266419, 27.93297901]]]]}, "geometry_name": "geom", "properties": {"class_name": "Seagrass", "area_sqkm": 2.200414640828967e-05}}, {"type": "Feature", "id": "benthic_data_verbose.fid-4dbf5249_1a0dd400c2d_-3936", "geometry": {"type": "MultiPolygon", "coordinates": [[[[34.91279894, 27.93320359], [34.91288877, 27.93320359], [34.91288877, 27.93306884], [34.91275402, 27.93306884], [34.91275402, 27.93302393], [34.91270911, 27.93302393], [34.91270911, 27.93297901], [34.91266419, 27.93297901], [34.91266419, 27.93288918], [34.91248453, 27.93288918], [34.91248453, 27.9329341], [34.91252944, 27.9329341], [34.91252944, 27.93297901], [34.91257436, 27.93297901], [34.91257436, 27.93302393], [34.91261928, 27.93302393], [34.91261928, 27.93306884], [34.91266419, 27.93306884], [34.91266419, 27.93311376], [34.91270911, 27.93311376], [34.91270911, 27.93315868], [34.91279894, 27.93315868], [34.91279894, 27.93320359]]]]}, "geometry_name": "geom", "properties": {"class_name": "Coral/Algae", "area_sqkm": 0.0005280990588422865}}, {"type": "Feature", "id": "benthic_data_verbose.fid-4dbf5249_1a0dd400c2d_-3935", "geometry": {"type": "MultiPolygon", "coordinates": [[[[34.91648203, 27.93284427], [34.91661678, 27.93284427], [34.91661678, 27.93279935], [34.91652695, 27.93279935], [34.91652695, 27.93275443], [34.91643712, 27.93275443], [34.91643712, 27.93279935], [34.91648203, 27.93279935], [34.91648203, 27.93284427]]]]}, "geometry_name": "geom", "properties": {"class_name": "Coral/Algae", "area_sqkm": 0.00011002089145034551}}, {"type": "Feature", "id": "benthic_data_verbose.fid-4dbf5249_1a0dd400c2d_-3934", "geometry": {"type": "MultiPolygon", "coordinates": [[[[34.91185571, 27.9326646], [34.91190062, 27.9326646], [34.91190062, 27.93261969], [34.91185571, 27.93261969], [34.91185571, 27.9326646]]]]}, "geometry_name": "geom", "properties": {"class_name": "Sand", "area_sqkm": 2.2004209088161588e-05}}, {"type": "Feature", "id": "benthic_data_verbose.fid-4dbf5249_1a0dd400c2d_-3933", "geometry": {"type": "MultiPolygon", "coordinates": [[[[34.90790312, 27.94070452], [34.90803787, 27.94070452], [34.90803787, 27.94065961], [34.90817261, 27.94065961], [34.90817261, 27.94070452], [34.90826245, 27.94070452], [34.90826245, 27.94065961], [34.90830736, 27.94065961], [34.90830736, 27.94061469], [34.90835228, 27.94061469], [34.90835228, 27.94056978], [34.90844211, 27.94056978], [34.90844211, 27.94052486], [34.90853194, 27.94052486], [34.90853194, 27.94043503], [34.90857686, 27.94043503], [34.90857686, 27.94039011], [34.90875652, 27.94039011], [34.90875652, 27.9403452], [34.90880144, 27.9403452], [34.90880144, 27.94030028], [34.90884635, 27.94030028], [34.90884635, 27.94025537], [34.90889127, 27.94025537], [34.90889127, 27.94021045], [34.90893618, 27.94021045], [34.90893618, 27.94016553], [34.9089811, 27.94016553], [34.9089811, 27.94003079], [34.90902601, 27.94003079], [34.90902601, 27.93998587], [34.90916076, 27.93998587], [34.90916076, 27.93994096], [34.90925059, 27.93994096], [34.90925059, 27.93989604], [34.90952009, 27.93989604], [34.90952009, 27.93985112], [34.90965483, 27.93985112], [34.90965483, 27.93980621], [34.90969975, 27.93980621], [34.90969975, 27.93976129], [34.9098345, 27.93976129], [34.9098345, 27.93971638], [34.90992433, 27.93971638], [34.90992433, 27.93967146], [34.90996925, 27.93967146], [34.90996925, 27.93962655], [34.91010399, 27.93962655], [34.91010399, 27.93958163], [34.91019382, 27.93958163], [34.91019382, 27.93953671], [34.91028366, 27.93953671], [34.91028366, 27.9394918], [34.91032857, 27.9394918], [34.91032857, 27.93944688], [34.91037349, 27.93944688], [34.91037349, 27.93940197], [34.9104184, 27.93940197], [34.9104184, 27.93935705], [34.91046332, 27.93935705], [34.91046332, 27.93931214], [34.91055315, 27.93931214], [34.91055315, 27.93926722], [34.91064298, 27.93926722], [34.91064298, 27.9392223], [34.9106879, 27.9392223], [34.9106879, 27.93917739], [34.91077773, 27.93917739], [34.91077773, 27.93913247], [34.91082264, 27.93913247], [34.91082264, 27.93908756], [34.91091248, 27.93908756], [34.91091248, 27.93904264], [34.91118197, 27.93904264], [34.91118197, 27.93899772], [34.91122689, 27.93899772], [34.91122689, 27.93895281], [34.91131672, 27.93895281], [34.91131672, 27.93890789], [34.91140655, 27.93890789], [34.91140655, 27.93886298], [34.91145147, 27.93886298], [34.91145147, 27.93890789], [34.9115413, 27.93890789], [34.9115413, 27.93886298], [34.91163113, 27.93886298], [34.91163113, 27.93890789], [34.91167604, 27.93890789], [34.91167604, 27.93881806], [34.91181079, 27.93881806], [34.91181079, 27.93877315], [34.91190062, 27.93877315], [34.91190062, 27.93872823], [34.91203537, 27.93872823], [34.91203537, 27.93868331], [34.9123947, 27.93868331], [34.9123947, 27.93872823], [34.91243961, 27.93872823], [34.91243961, 27.93877315], [34.91252944, 27.93877315], [34.91252944, 27.93872823], [34.91257436, 27.93872823], [34.91257436, 27.93868331], [34.91261928, 27.93868331], [34.91261928, 27.9386384], [34.91275402, 27.9386384], [34.91275402, 27.93859348], [34.91311335, 27.93859348], [34.91311335, 27.93845874], [34.91315826, 27.93845874], [34.91315826, 27.9383689], [34.91320318, 27.9383689], [34.91320318, 27.93827907], [34.9132481, 27.93827907], [34.9132481, 27.93823416], [34.91356251, 27.93823416], [34.91356251, 27.93827907], [34.91360742, 27.93827907], [34.91360742, 27.93832399], [34.91369725, 27.93832399], [34.91369725, 27.93827907], [34.91378709, 27.93827907], [34.91378709, 27.93823416], [34.91387692, 27.93823416], [34.91387692, 27.93818924], [34.91396675, 27.93818924], [34.91396675, 27.93814433], [34.91392183, 27.93814433], [34.91392183, 27.93805449], [34.91396675, 27.93805449], [34.91396675, 27.93800958], [34.91405658, 27.93800958], [34.91405658, 27.93774008], [34.91414641, 27.93774008], [34.91414641, 27.93769517], [34.91437099, 27.93769517], [34.91437099, 27.93774008], [34.91441591, 27.93774008], [34.91441591, 27.93769517], [34.91446082, 27.93769517], [34.91446082, 27.93756042], [34.91450574, 27.93756042], [34.91450574, 27.9375155], [34.91459557, 27.9375155], [34.91459557, 27.93747059], [34.91464048, 27.93747059], [34.91464048, 27.93742567], [34.9146854, 27.93742567], [34.9146854, 27.93738076], [34.91473032, 27.93738076], [34.91473032, 27.93729093], [34.91477523, 27.93729093], [34.91477523, 27.93720109], [34.91482015, 27.93720109], [34.91482015, 27.93711126], [34.91486506, 27.93711126], [34.91486506, 27.9369316], [34.91490998, 27.9369316], [34.91490998, 27.93684177], [34.91499981, 27.93684177], [34.91499981, 27.93670702], [34.91504473, 27.93670702], [34.91504473, 27.93652736], [34.91508964, 27.93652736], [34.91508964, 27.93648244], [34.91513456, 27.93648244], [34.91513456, 27.93639261], [34.91517947, 27.93639261], [34.91517947, 27.93630278], [34.91522439, 27.93630278], [34.91522439, 27.93621295], [34.91526931, 27.93621295], [34.91526931, 27.93612312], [34.91531422, 27.93612312], [34.91531422, 27.93598837], [34.91535914, 27.93598837], [34.91535914, 27.93594345], [34.91540405, 27.93594345], [34.91540405, 27.93589854], [34.91544897, 27.93589854], [34.91544897, 27.93576379], [34.91549388, 27.93576379], [34.91549388, 27.93567396], [34.9155388, 27.93567396], [34.9155388, 27.93553921], [34.91558372, 27.93553921], [34.91558372, 27.9354943], [34.91562863, 27.9354943], [34.91562863, 27.93540446], [34.91567355, 27.93540446], [34.91567355, 27.93531463], [34.91571846, 27.93531463], [34.91571846, 27.93517988], [34.91576338, 27.93517988], [34.91576338, 27.93509005], [34.91580829, 27.93509005], [34.91580829, 27.93500022], [34.91585321, 27.93500022], [34.91585321, 27.93473073], [34.91589813, 27.93473073], [34.91589813, 27.93468581], [34.91594304, 27.93468581], [34.91594304, 27.9346409], [34.91598796, 27.9346409], [34.91598796, 27.93441632], [34.91603287, 27.93441632], [34.91603287, 27.93405699], [34.91607779, 27.93405699], [34.91607779, 27.93374258], [34.91603287, 27.93374258], [34.91603287, 27.93369766], [34.91598796, 27.93369766], [34.91598796, 27.93365275], [34.91585321, 27.93365275], [34.91585321, 27.93360783], [34.91580829, 27.93360783], [34.91580829, 27.93356292], [34.91567355, 27.93356292], [34.91567355, 27.93360783], [34.91558372, 27.93360783], [34.91558372, 27.93356292], [34.9155388, 27.93356292], [34.9155388, 27.933518], [34.91549388, 27.933518], [34.91549388, 27.93338325], [34.91544897, 27.93338325], [34.91544897, 27.93333834], [34.91540405, 27.93333834], [34.91540405, 27.93329342], [34.91535914, 27.93329342], [34.91535914, 27.93333834], [34.91522439, 27.93333834], [34.91522439, 27.93329342], [34.91513456, 27.93329342], [34.91513456, 27.93324851], [34.91508964, 27.93324851], [34.91508964, 27.93320359], [34.91504473, 27.93320359], [34.91504473, 27.93315868], [34.9149549, 27.93315868], [34.9149549, 27.93311376], [34.91486506, 27.93311376], [34.91486506, 27.93306884], [34.91473032, 27.93306884], [34.91473032, 27.93302393], [34.91464048, 27.93302393], [34.91464048, 27.93297901], [34.91459557, 27.93297901], [34.91459557, 27.9329341], [34.91455065, 27.9329341], [34.91455065, 27.93288918], [34.91441591, 27.93288918], [34.91441591, 27.93284427], [34.91437099, 27.93284427], [34.91437099, 27.93279935], [34.91432607, 27.93279935], [34.91432607, 27.93275443], [34.91423624, 27.93275443], [34.91423624, 27.93279935], [34.91405658, 27.93279935], [34.91405658, 27.93275443], [34.91401166, 27.93275443], [34.91401166, 27.93270952], [34.91369725, 27.93270952], [34.91369725, 27.93261969], [34.91347267, 27.93261969], [34.91347267, 27.9326646], [34.91320318, 27.9326646], [34.91320318, 27.93252985], [34.91315826, 27.93252985], [34.91315826, 27.93248494], [34.91311335, 27.93248494], [34.91311335, 27.93252985], [34.91293369, 27.93252985], [34.91293369, 27.93248494], [34.91284385, 27.93248494], [34.91284385, 27.93244002], [34.91279894, 27.93244002], [34.91279894, 27.93235019], [34.91266419, 27.93235019], [34.91266419, 27.93239511], [34.91257436, 27.93239511], [34.91257436, 27.93235019], [34.91252944, 27.93235019], [34.91252944, 27.93230528], [34.91248453, 27.93230528], [34.91248453, 27.93226036], [34.91243961, 27.93226036], [34.91243961, 27.93221544], [34.91230487, 27.93221544], [34.91230487, 27.93230528], [34.91234978, 27.93230528], [34.91234978, 27.93235019], [34.9123947, 27.93235019], [34.9123947, 27.93239511], [34.91243961, 27.93239511], [34.91243961, 27.93248494], [34.91230487, 27.93248494], [34.91230487, 27.9326646], [34.91234978, 27.9326646], [34.91234978, 27.93270952], [34.9123947, 27.93270952], [34.9123947, 27.93275443], [34.91234978, 27.93275443], [34.91234978, 27.93279935], [34.91221503, 27.93279935], [34.91221503, 27.9329341], [34.91248453, 27.9329341], [34.91248453, 27.93288918], [34.91266419, 27.93288918], [34.91266419, 27.9329341], [34.91270911, 27.9329341], [34.91270911, 27.93297901], [34.91275402, 27.93297901], [34.91275402, 27.93306884], [34.91293369, 27.93306884], [34.91293369, 27.93311376], [34.9129786, 27.93311376], [34.9129786, 27.93315868], [34.91302352, 27.93315868], [34.91302352, 27.93320359], [34.91306843, 27.93320359], [34.91306843, 27.93329342], [34.91311335, 27.93329342], [34.91311335, 27.93333834], [34.91315826, 27.93333834], [34.91315826, 27.93338325], [34.91329301, 27.93338325], [34.91329301, 27.93342817], [34.91333793, 27.93342817], [34.91333793, 27.93347309], [34.91338284, 27.93347309], [34.91338284, 27.93360783], [34.91342776, 27.93360783], [34.91342776, 27.93365275], [34.91360742, 27.93365275], [34.91360742, 27.93360783], [34.91365234, 27.93360783], [34.91365234, 27.93365275], [34.91378709, 27.93365275], [34.91378709, 27.93369766], [34.91392183, 27.93369766], [34.91392183, 27.93374258], [34.91441591, 27.93374258], [34.91441591, 27.93383241], [34.91473032, 27.93383241], [34.91473032, 27.93392224], [34.9149549, 27.93392224], [34.9149549, 27.93396716], [34.91499981, 27.93396716], [34.91499981, 27.93401207], [34.91504473, 27.93401207], [34.91504473, 27.93414682], [34.91499981, 27.93414682], [34.91499981, 27.93428157], [34.9149549, 27.93428157], [34.9149549, 27.9343714], [34.91490998, 27.9343714], [34.91490998, 27.93441632], [34.91482015, 27.93441632], [34.91482015, 27.93459598], [34.91486506, 27.93459598], [34.91486506, 27.93473073], [34.91459557, 27.93473073], [34.91459557, 27.93491039], [34.91464048, 27.93491039], [34.91464048, 27.93500022], [34.91473032, 27.93500022], [34.91473032, 27.93504514], [34.9149549, 27.93504514], [34.9149549, 27.93509005], [34.91499981, 27.93509005], [34.91499981, 27.93531463], [34.9149549, 27.93531463], [34.9149549, 27.93535955], [34.9146854, 27.93535955], [34.9146854, 27.93540446], [34.91464048, 27.93540446], [34.91464048, 27.93544938], [34.91459557, 27.93544938], [34.91459557, 27.9354943], [34.91455065, 27.9354943], [34.91455065, 27.93553921], [34.91450574, 27.93553921], [34.91450574, 27.93558413], [34.91441591, 27.93558413], [34.91441591, 27.93562904], [34.91432607, 27.93562904], [34.91432607, 27.93571887], [34.91414641, 27.93571887], [34.91414641, 27.93576379], [34.91405658, 27.93576379], [34.91405658, 27.93571887], [34.91396675, 27.93571887], [34.91396675, 27.93576379], [34.91374217, 27.93576379], [34.91374217, 27.93580871], [34.91369725, 27.93580871], [34.91369725, 27.93594345], [34.91374217, 27.93594345], [34.91374217, 27.93616803], [34.91369725, 27.93616803], [34.91369725, 27.93621295], [34.91365234, 27.93621295], [34.91365234, 27.93625786], [34.91360742, 27.93625786], [34.91360742, 27.93657227], [34.91356251, 27.93657227], [34.91356251, 27.93675194], [34.91351759, 27.93675194], [34.91351759, 27.93679685], [34.91347267, 27.93679685], [34.91347267, 27.93684177], [34.91342776, 27.93684177], [34.91342776, 27.93679685], [34.91338284, 27.93679685], [34.91338284, 27.93666211], [34.91333793, 27.93666211], [34.91333793, 27.93661719], [34.91320318, 27.93661719], [34.91320318, 27.93666211], [34.91306843, 27.93666211], [34.91306843, 27.93661719], [34.91293369, 27.93661719], [34.91293369, 27.93666211], [34.91288877, 27.93666211], [34.91288877, 27.93661719], [34.91279894, 27.93661719], [34.91279894, 27.93648244], [34.91275402, 27.93648244], [34.91275402, 27.93643753], [34.91261928, 27.93643753], [34.91261928, 27.93648244], [34.91252944, 27.93648244], [34.91252944, 27.93652736], [34.9123947, 27.93652736], [34.9123947, 27.93661719], [34.91257436, 27.93661719], [34.91257436, 27.93666211], [34.91252944, 27.93666211], [34.91252944, 27.93670702], [34.91234978, 27.93670702], [34.91234978, 27.9369316], [34.91230487, 27.9369316], [34.91230487, 27.93715618], [34.91221503, 27.93715618], [34.91221503, 27.93720109], [34.91217012, 27.93720109], [34.91217012, 27.93715618], [34.91203537, 27.93715618], [34.91203537, 27.93729093], [34.91199045, 27.93729093], [34.91199045, 27.93733584], [34.91194554, 27.93733584], [34.91194554, 27.93738076], [34.91176588, 27.93738076], [34.91176588, 27.93742567], [34.91172096, 27.93742567], [34.91172096, 27.93747059], [34.91167604, 27.93747059], [34.91167604, 27.9375155], [34.9115413, 27.9375155], [34.9115413, 27.93747059], [34.91149638, 27.93747059], [34.91149638, 27.93733584], [34.91145147, 27.93733584], [34.91145147, 27.93729093], [34.91140655, 27.93729093], [34.91140655, 27.93724601], [34.91136163, 27.93724601], [34.91136163, 27.93720109], [34.91122689, 27.93720109], [34.91122689, 27.93724601], [34.91113706, 27.93724601], [34.91113706, 27.93729093], [34.91109214, 27.93729093], [34.91109214, 27.93733584], [34.91095739, 27.93733584], [34.91095739, 27.93729093], [34.91091248, 27.93729093], [34.91091248, 27.93720109], [34.91086756, 27.93720109], [34.91086756, 27.93711126], [34.91073281, 27.93711126], [34.91073281, 27.93715618], [34.9106879, 27.93715618], [34.9106879, 27.93729093], [34.91064298, 27.93729093], [34.91064298, 27.93733584], [34.91059807, 27.93733584], [34.91059807, 27.93738076], [34.91055315, 27.93738076], [34.91055315, 27.93742567], [34.91050823, 27.93742567], [34.91050823, 27.93760534], [34.91046332, 27.93760534], [34.91046332, 27.93774008], [34.91050823, 27.93774008], [34.91050823, 27.93782991], [34.91055315, 27.93782991], [34.91055315, 27.93796466], [34.9104184, 27.93796466], [34.9104184, 27.93787483], [34.91037349, 27.93787483], [34.91037349, 27.93782991], [34.91023874, 27.93782991], [34.91023874, 27.93760534], [34.91019382, 27.93760534], [34.91019382, 27.93733584], [34.91014891, 27.93733584], [34.91014891, 27.93729093], [34.90996925, 27.93729093], [34.90996925, 27.93733584], [34.90992433, 27.93733584], [34.90992433, 27.93738076], [34.9098345, 27.93738076], [34.9098345, 27.93742567], [34.90978958, 27.93742567], [34.90978958, 27.93747059], [34.90943026, 27.93747059], [34.90943026, 27.9375155], [34.90938534, 27.9375155], [34.90938534, 27.93756042], [34.90934042, 27.93756042], [34.90934042, 27.93760534], [34.90925059, 27.93760534], [34.90925059, 27.93765025], [34.90920568, 27.93765025], [34.90920568, 27.93769517], [34.90916076, 27.93769517], [34.90916076, 27.93774008], [34.90911585, 27.93774008], [34.90911585, 27.937785], [34.90907093, 27.937785], [34.90907093, 27.93787483], [34.90902601, 27.93787483], [34.90902601, 27.93814433], [34.9089811, 27.93814433], [34.9089811, 27.93818924], [34.90862177, 27.93818924], [34.90862177, 27.93814433], [34.90853194, 27.93814433], [34.90853194, 27.93818924], [34.90844211, 27.93818924], [34.90844211, 27.93823416], [34.90835228, 27.93823416], [34.90835228, 27.93827907], [34.90830736, 27.93827907], [34.90830736, 27.93832399], [34.90821753, 27.93832399], [34.90821753, 27.9383689], [34.90817261, 27.9383689], [34.90817261, 27.93845874], [34.90803787, 27.93845874], [34.90803787, 27.9383689], [34.90799295, 27.9383689], [34.90799295, 27.93832399], [34.90763363, 27.93832399], [34.90763363, 27.9383689], [34.90758871, 27.9383689], [34.90758871, 27.93841382], [34.90754379, 27.93841382], [34.90754379, 27.93845874], [34.90740905, 27.93845874], [34.90740905, 27.93841382], [34.90731922, 27.93841382], [34.90731922, 27.93845874], [34.90687006, 27.93845874], [34.90687006, 27.93850365], [34.90678023, 27.93850365], [34.90678023, 27.93854857], [34.90669039, 27.93854857], [34.90669039, 27.93859348], [34.90664548, 27.93859348], [34.90664548, 27.93868331], [34.90660056, 27.93868331], [34.90660056, 27.93872823], [34.90655565, 27.93872823], [34.90655565, 27.93877315], [34.90651073, 27.93877315], [34.90651073, 27.93886298], [34.90646582, 27.93886298], [34.90646582, 27.93895281], [34.90637598, 27.93895281], [34.90637598, 27.93899772], [34.90628615, 27.93899772], [34.90628615, 27.93904264], [34.90619632, 27.93904264], [34.90619632, 27.93913247], [34.90610649, 27.93913247], [34.90610649, 27.93917739], [34.90606157, 27.93917739], [34.90606157, 27.93926722], [34.90610649, 27.93926722], [34.90610649, 27.93931214], [34.90624124, 27.93931214], [34.90624124, 27.93926722], [34.90633107, 27.93926722], [34.90633107, 27.93935705], [34.90628615, 27.93935705], [34.90628615, 27.93940197], [34.90624124, 27.93940197], [34.90624124, 27.9394918], [34.9064209, 27.9394918], [34.9064209, 27.93944688], [34.90664548, 27.93944688], [34.90664548, 27.93962655], [34.90655565, 27.93962655], [34.90655565, 27.93967146], [34.90660056, 27.93967146], [34.90660056, 27.93971638], [34.90664548, 27.93971638], [34.90664548, 27.93976129], [34.90673531, 27.93976129], [34.90673531, 27.93967146], [34.90678023, 27.93967146], [34.90678023, 27.93962655], [34.90682514, 27.93962655], [34.90682514, 27.93967146], [34.90695989, 27.93967146], [34.90695989, 27.93971638], [34.9070048, 27.93971638], [34.9070048, 27.93985112], [34.90704972, 27.93985112], [34.90704972, 27.93989604], [34.90736413, 27.93989604], [34.90736413, 27.93994096], [34.90754379, 27.93994096], [34.90754379, 27.9400757], [34.9078582, 27.9400757], [34.9078582, 27.94012062], [34.90799295, 27.94012062], [34.90799295, 27.94016553], [34.90803787, 27.94016553], [34.90803787, 27.94021045], [34.90799295, 27.94021045], [34.90799295, 27.94030028], [34.90790312, 27.94030028], [34.90790312, 27.9403452], [34.90781329, 27.9403452], [34.90781329, 27.94030028], [34.90776837, 27.94030028], [34.90776837, 27.94025537], [34.90772346, 27.94025537], [34.90772346, 27.94030028], [34.90767854, 27.94030028], [34.90767854, 27.9403452], [34.90763363, 27.9403452], [34.90763363, 27.94052486], [34.90781329, 27.94052486], [34.90781329, 27.94056978], [34.9078582, 27.94056978], [34.9078582, 27.94065961], [34.90790312, 27.94065961], [34.90790312, 27.94070452]], [[34.90821753, 27.94043503], [34.90821753, 27.94039011], [34.90817261, 27.94039011], [34.90817261, 27.94030028], [34.90830736, 27.94030028], [34.90830736, 27.94039011], [34.90826245, 27.94039011], [34.90826245, 27.94043503], [34.90821753, 27.94043503]], [[34.90776837, 27.9394918], [34.90776837, 27.93940197], [34.90781329, 27.93940197], [34.90781329, 27.9394918], [34.90776837, 27.9394918]], [[34.90830736, 27.93917739], [34.90830736, 27.93913247], [34.90826245, 27.93913247], [34.90826245, 27.93908756], [34.90830736, 27.93908756], [34.90830736, 27.93904264], [34.90835228, 27.93904264], [34.90835228, 27.93917739], [34.90830736, 27.93917739]], [[34.90835228, 27.93872823], [34.90835228, 27.93868331], [34.90830736, 27.93868331], [34.90830736, 27.9386384], [34.90835228, 27.9386384], [34.90835228, 27.93859348], [34.90848703, 27.93859348], [34.90848703, 27.93872823], [34.90835228, 27.93872823]], [[34.9087116, 27.9386384], [34.9087116, 27.93859348], [34.90866669, 27.93859348], [34.90866669, 27.93850365], [34.90880144, 27.93850365], [34.90880144, 27.93859348], [34.90875652, 27.93859348], [34.90875652, 27.9386384], [34.9087116, 27.9386384]], [[34.90920568, 27.93859348], [34.90920568, 27.93854857], [34.90916076, 27.93854857], [34.90916076, 27.93841382], [34.90934042, 27.93841382], [34.90934042, 27.93854857], [34.90925059, 27.93854857], [34.90925059, 27.93859348], [34.90920568, 27.93859348]], [[34.91374217, 27.93814433], [34.91374217, 27.93796466], [34.91378709, 27.93796466], [34.91378709, 27.93791975], [34.91387692, 27.93791975], [34.91387692, 27.93809941], [34.913832, 27.93809941], [34.913832, 27.93814433], [34.91374217, 27.93814433]], [[34.90920568, 27.93805449], [34.90920568, 27.93791975], [34.90929551, 27.93791975], [34.90929551, 27.93805449], [34.90920568, 27.93805449]], [[34.91405658, 27.93612312], [34.91405658, 27.93603328], [34.91423624, 27.93603328], [34.91423624, 27.93598837], [34.91432607, 27.93598837], [34.91432607, 27.93576379], [34.91446082, 27.93576379], [34.91446082, 27.93571887], [34.91450574, 27.93571887], [34.91450574, 27.93576379], [34.91455065, 27.93576379], [34.91455065, 27.93580871], [34.91450574, 27.93580871], [34.91450574, 27.93585362], [34.91446082, 27.93585362], [34.91446082, 27.93598837], [34.91441591, 27.93598837], [34.91441591, 27.93603328], [34.91437099, 27.93603328], [34.91437099, 27.9360782], [34.91432607, 27.9360782], [34.91432607, 27.93612312], [34.91405658, 27.93612312]], [[34.91517947, 27.93392224], [34.91517947, 27.93387733], [34.91513456, 27.93387733], [34.91513456, 27.93374258], [34.91517947, 27.93374258], [34.91517947, 27.93369766], [34.91522439, 27.93369766], [34.91522439, 27.93374258], [34.91526931, 27.93374258], [34.91526931, 27.93392224], [34.91517947, 27.93392224]], [[34.91347267, 27.93311376], [34.91347267, 27.93306884], [34.91342776, 27.93306884], [34.91342776, 27.93302393], [34.91347267, 27.93302393], [34.91347267, 27.93297901], [34.91365234, 27.93297901], [34.91365234, 27.93311376], [34.91347267, 27.93311376]]]]}, "geometry_name": "geom", "properties": {"class_name": "Rubble", "area_sqkm": 0.2236414039496556}}, {"type": "Feature", "id": "benthic_data_verbose.fid-4dbf5249_1a0dd400c2d_-3932", "geometry": {"type": "MultiPolygon", "coordinates": [[[[34.91567355, 27.93203578], [34.91571846, 27.93203578], [34.91571846, 27.93199087], [34.91567355, 27.93199087], [34.91567355, 27.93203578]]]]}, "geometry_name": "geom", "properties": {"class_name": "Coral/Algae", "area_sqkm": 2.2004334449768066e-05}}, {"type": "Feature", "id": "benthic_data_verbose.fid-4dbf5249_1a0dd400c2d_-3931", "geometry": {"type": "MultiPolygon", "coordinates": [[[[34.91122689, 27.93221544], [34.91131672, 27.93221544], [34.91131672, 27.9320807], [34.9112718, 27.9320807], [34.9112718, 27.93199087], [34.91118197, 27.93199087], [34.91118197, 27.93194595], [34.91104722, 27.93194595], [34.91104722, 27.93199087], [34.91109214, 27.93199087], [34.91109214, 27.93203578], [34.91113706, 27.93203578], [34.91113706, 27.93212561], [34.91122689, 27.93212561], [34.91122689, 27.93221544]]]]}, "geometry_name": "geom", "properties": {"class_name": "Rubble", "area_sqkm": 0.0003960778123382479}}, {"type": "Feature", "id": "benthic_data_verbose.fid-4dbf5249_1a0dd400c2d_-3930", "geometry": {"type": "MultiPolygon", "coordinates": [[[[34.91693119, 27.93455106], [34.91702102, 27.93455106], [34.91702102, 27.93446123], [34.91706594, 27.93446123], [34.91706594, 27.9343714], [34.91711085, 27.9343714], [34.91711085, 27.93432649], [34.91720068, 27.93432649], [34.91720068, 27.93428157], [34.9172456, 27.93428157], [34.9172456, 27.93419174], [34.91720068, 27.93419174], [34.91720068, 27.93414682], [34.91715577, 27.93414682], [34.91715577, 27.93410191], [34.91711085, 27.93410191], [34.91711085, 27.93405699], [34.91706594, 27.93405699], [34.91706594, 27.93401207], [34.91711085, 27.93401207], [34.91711085, 27.93396716], [34.9172456, 27.93396716], [34.9172456, 27.93392224], [34.91733543, 27.93392224], [34.91733543, 27.93360783], [34.91738035, 27.93360783], [34.91738035, 27.93347309], [34.91742526, 27.93347309], [34.91742526, 27.93342817], [34.91791934, 27.93342817], [34.91791934, 27.933518], [34.91814391, 27.933518], [34.91814391, 27.93356292], [34.91832358, 27.93356292], [34.91832358, 27.93342817], [34.91827866, 27.93342817], [34.91827866, 27.93338325], [34.91823375, 27.93338325], [34.91823375, 27.93324851], [34.91827866, 27.93324851], [34.91827866, 27.93329342], [34.91832358, 27.93329342], [34.91832358, 27.93333834], [34.91836849, 27.93333834], [34.91836849, 27.93338325], [34.91854816, 27.93338325], [34.91854816, 27.93342817], [34.91877274, 27.93342817], [34.91877274, 27.93338325], [34.91922189, 27.93338325], [34.91922189, 27.93333834], [34.91926681, 27.93333834], [34.91926681, 27.93329342], [34.91931172, 27.93329342], [34.91931172, 27.93324851], [34.91935664, 27.93324851], [34.91935664, 27.93329342], [34.91958122, 27.93329342], [34.91958122, 27.93324851], [34.91962613, 27.93324851], [34.91962613, 27.93315868], [34.91958122, 27.93315868], [34.91958122, 27.93306884], [34.91949139, 27.93306884], [34.91949139, 27.93302393], [34.91940156, 27.93302393], [34.91940156, 27.93297901], [34.91922189, 27.93297901], [34.91922189, 27.9329341], [34.91917698, 27.9329341], [34.91917698, 27.93284427], [34.91908715, 27.93284427], [34.91908715, 27.93279935], [34.91872782, 27.93279935], [34.91872782, 27.93275443], [34.91863799, 27.93275443], [34.91863799, 27.93270952], [34.91854816, 27.93270952], [34.91854816, 27.93275443], [34.91850324, 27.93275443], [34.91850324, 27.93279935], [34.91845832, 27.93279935], [34.91845832, 27.93284427], [34.91832358, 27.93284427], [34.91832358, 27.93279935], [34.91814391, 27.93279935], [34.91814391, 27.93284427], [34.91800917, 27.93284427], [34.91800917, 27.93288918], [34.91791934, 27.93288918], [34.91791934, 27.9329341], [34.91787442, 27.9329341], [34.91787442, 27.93297901], [34.91778459, 27.93297901], [34.91778459, 27.93302393], [34.91773967, 27.93302393], [34.91773967, 27.93306884], [34.91769476, 27.93306884], [34.91769476, 27.93311376], [34.91738035, 27.93311376], [34.91738035, 27.93315868], [34.91729051, 27.93315868], [34.91729051, 27.93320359], [34.91715577, 27.93320359], [34.91715577, 27.93324851], [34.91702102, 27.93324851], [34.91702102, 27.93320359], [34.91693119, 27.93320359], [34.91693119, 27.93315868], [34.91688627, 27.93315868], [34.91688627, 27.93306884], [34.91684136, 27.93306884], [34.91684136, 27.93302393], [34.91670661, 27.93302393], [34.91670661, 27.9329341], [34.91666169, 27.9329341], [34.91666169, 27.93284427], [34.91648203, 27.93284427], [34.91648203, 27.93279935], [34.91643712, 27.93279935], [34.91643712, 27.93261969], [34.9163922, 27.93261969], [34.9163922, 27.93257477], [34.91634728, 27.93257477], [34.91634728, 27.93248494], [34.91625745, 27.93248494], [34.91625745, 27.93244002], [34.91621254, 27.93244002], [34.91621254, 27.93239511], [34.91616762, 27.93239511], [34.91616762, 27.93235019], [34.91612271, 27.93235019], [34.91612271, 27.93230528], [34.91607779, 27.93230528], [34.91607779, 27.93226036], [34.91603287, 27.93226036], [34.91603287, 27.93221544], [34.91589813, 27.93221544], [34.91589813, 27.93217053], [34.91585321, 27.93217053], [34.91585321, 27.93212561], [34.91580829, 27.93212561], [34.91580829, 27.9320807], [34.91576338, 27.9320807], [34.91576338, 27.93203578], [34.91567355, 27.93203578], [34.91567355, 27.93199087], [34.9155388, 27.93199087], [34.9155388, 27.93194595], [34.91549388, 27.93194595], [34.91549388, 27.93185612], [34.91535914, 27.93185612], [34.91535914, 27.93190103], [34.91517947, 27.93190103], [34.91517947, 27.9318112], [34.91513456, 27.9318112], [34.91513456, 27.93176629], [34.91414641, 27.93176629], [34.91414641, 27.93172137], [34.91387692, 27.93172137], [34.91387692, 27.93167646], [34.91378709, 27.93167646], [34.91378709, 27.93163154], [34.91374217, 27.93163154], [34.91374217, 27.93158662], [34.91369725, 27.93158662], [34.91369725, 27.93154171], [34.91365234, 27.93154171], [34.91365234, 27.93158662], [34.91351759, 27.93158662], [34.91351759, 27.93163154], [34.91342776, 27.93163154], [34.91342776, 27.93158662], [34.91338284, 27.93158662], [34.91338284, 27.93154171], [34.91333793, 27.93154171], [34.91333793, 27.93149679], [34.9129786, 27.93149679], [34.9129786, 27.93145188], [34.91288877, 27.93145188], [34.91288877, 27.93140696], [34.91275402, 27.93140696], [34.91275402, 27.93136204], [34.91257436, 27.93136204], [34.91257436, 27.93131713], [34.91243961, 27.93131713], [34.91243961, 27.93127221], [34.91225995, 27.93127221], [34.91225995, 27.9312273], [34.9121252, 27.9312273], [34.9121252, 27.93118238], [34.91190062, 27.93118238], [34.91190062, 27.93113747], [34.91149638, 27.93113747], [34.91149638, 27.93109255], [34.91109214, 27.93109255], [34.91109214, 27.93104763], [34.91086756, 27.93104763], [34.91086756, 27.93109255], [34.91077773, 27.93109255], [34.91077773, 27.93113747], [34.91073281, 27.93113747], [34.91073281, 27.93118238], [34.91037349, 27.93118238], [34.91037349, 27.93127221], [34.91032857, 27.93127221], [34.91032857, 27.93131713], [34.91023874, 27.93131713], [34.91023874, 27.93127221], [34.91010399, 27.93127221], [34.91010399, 27.93131713], [34.91014891, 27.93131713], [34.91014891, 27.93140696], [34.91032857, 27.93140696], [34.91032857, 27.93149679], [34.91050823, 27.93149679], [34.91050823, 27.93158662], [34.91059807, 27.93158662], [34.91059807, 27.93167646], [34.9106879, 27.93167646], [34.9106879, 27.93194595], [34.91118197, 27.93194595], [34.91118197, 27.93199087], [34.9112718, 27.93199087], [34.9112718, 27.93203578], [34.91131672, 27.93203578], [34.91131672, 27.93199087], [34.91140655, 27.93199087], [34.91140655, 27.93194595], [34.9115413, 27.93194595], [34.9115413, 27.93199087], [34.91158621, 27.93199087], [34.91158621, 27.93203578], [34.91163113, 27.93203578], [34.91163113, 27.93212561], [34.91172096, 27.93212561], [34.91172096, 27.93221544], [34.91167604, 27.93221544], [34.91167604, 27.93217053], [34.91158621, 27.93217053], [34.91158621, 27.93221544], [34.91149638, 27.93221544], [34.91149638, 27.93226036], [34.91140655, 27.93226036], [34.91140655, 27.93230528], [34.91149638, 27.93230528], [34.91149638, 27.93239511], [34.91158621, 27.93239511], [34.91158621, 27.93248494], [34.91167604, 27.93248494], [34.91167604, 27.93257477], [34.91185571, 27.93257477], [34.91185571, 27.93261969], [34.91190062, 27.93261969], [34.91190062, 27.9326646], [34.91194554, 27.9326646], [34.91194554, 27.93261969], [34.91199045, 27.93261969], [34.91199045, 27.9326646], [34.91208029, 27.9326646], [34.91208029, 27.93270952], [34.9121252, 27.93270952], [34.9121252, 27.9326646], [34.91225995, 27.9326646], [34.91225995, 27.93270952], [34.91230487, 27.93270952], [34.91230487, 27.93248494], [34.91243961, 27.93248494], [34.91243961, 27.93239511], [34.9123947, 27.93239511], [34.9123947, 27.93235019], [34.91234978, 27.93235019], [34.91234978, 27.93230528], [34.91230487, 27.93230528], [34.91230487, 27.93221544], [34.91243961, 27.93221544], [34.91243961, 27.93226036], [34.91248453, 27.93226036], [34.91248453, 27.93230528], [34.91252944, 27.93230528], [34.91252944, 27.93235019], [34.91257436, 27.93235019], [34.91257436, 27.93239511], [34.91266419, 27.93239511], [34.91266419, 27.93235019], [34.91279894, 27.93235019], [34.91279894, 27.93244002], [34.91284385, 27.93244002], [34.91284385, 27.93248494], [34.91293369, 27.93248494], [34.91293369, 27.93252985], [34.91311335, 27.93252985], [34.91311335, 27.93248494], [34.91315826, 27.93248494], [34.91315826, 27.93252985], [34.91320318, 27.93252985], [34.91320318, 27.93261969], [34.9132481, 27.93261969], [34.9132481, 27.9326646], [34.91347267, 27.9326646], [34.91347267, 27.93261969], [34.91369725, 27.93261969], [34.91369725, 27.93270952], [34.91401166, 27.93270952], [34.91401166, 27.93275443], [34.91405658, 27.93275443], [34.91405658, 27.93279935], [34.91423624, 27.93279935], [34.91423624, 27.93275443], [34.91432607, 27.93275443], [34.91432607, 27.93279935], [34.91437099, 27.93279935], [34.91437099, 27.93284427], [34.91441591, 27.93284427], [34.91441591, 27.93288918], [34.91455065, 27.93288918], [34.91455065, 27.9329341], [34.91459557, 27.9329341], [34.91459557, 27.93297901], [34.91464048, 27.93297901], [34.91464048, 27.93302393], [34.91473032, 27.93302393], [34.91473032, 27.93306884], [34.91486506, 27.93306884], [34.91486506, 27.93311376], [34.9149549, 27.93311376], [34.9149549, 27.93315868], [34.91504473, 27.93315868], [34.91504473, 27.93320359], [34.91508964, 27.93320359], [34.91508964, 27.93324851], [34.91513456, 27.93324851], [34.91513456, 27.93329342], [34.91522439, 27.93329342], [34.91522439, 27.93333834], [34.91535914, 27.93333834], [34.91535914, 27.93329342], [34.91540405, 27.93329342], [34.91540405, 27.93333834], [34.91544897, 27.93333834], [34.91544897, 27.93338325], [34.91549388, 27.93338325], [34.91549388, 27.933518], [34.9155388, 27.933518], [34.9155388, 27.93356292], [34.91558372, 27.93356292], [34.91558372, 27.93360783], [34.91567355, 27.93360783], [34.91567355, 27.93356292], [34.91580829, 27.93356292], [34.91580829, 27.93360783], [34.91585321, 27.93360783], [34.91585321, 27.93365275], [34.91598796, 27.93365275], [34.91598796, 27.93369766], [34.91603287, 27.93369766], [34.91603287, 27.93374258], [34.91607779, 27.93374258], [34.91607779, 27.93405699], [34.91603287, 27.93405699], [34.91603287, 27.9343714], [34.91607779, 27.9343714], [34.91607779, 27.93432649], [34.91612271, 27.93432649], [34.91612271, 27.93419174], [34.91616762, 27.93419174], [34.91616762, 27.93401207], [34.91621254, 27.93401207], [34.91621254, 27.93396716], [34.91625745, 27.93396716], [34.91625745, 27.93392224], [34.91634728, 27.93392224], [34.91634728, 27.93387733], [34.9163922, 27.93387733], [34.9163922, 27.93383241], [34.91643712, 27.93383241], [34.91643712, 27.9337875], [34.91648203, 27.9337875], [34.91648203, 27.93387733], [34.91643712, 27.93387733], [34.91643712, 27.93396716], [34.9163922, 27.93396716], [34.9163922, 27.93401207], [34.91634728, 27.93401207], [34.91634728, 27.93405699], [34.91630237, 27.93405699], [34.91630237, 27.93414682], [34.9163922, 27.93414682], [34.9163922, 27.93410191], [34.91652695, 27.93410191], [34.91652695, 27.93396716], [34.91670661, 27.93396716], [34.91670661, 27.93387733], [34.91675153, 27.93387733], [34.91675153, 27.93383241], [34.91684136, 27.93383241], [34.91684136, 27.93387733], [34.91688627, 27.93387733], [34.91688627, 27.93392224], [34.91693119, 27.93392224], [34.91693119, 27.93396716], [34.9169761, 27.93396716], [34.9169761, 27.93401207], [34.91702102, 27.93401207], [34.91702102, 27.93414682], [34.9169761, 27.93414682], [34.9169761, 27.93428157], [34.91702102, 27.93428157], [34.91702102, 27.9343714], [34.9169761, 27.9343714], [34.9169761, 27.93446123], [34.91693119, 27.93446123], [34.91693119, 27.93455106]], [[34.91625745, 27.93360783], [34.91625745, 27.93356292], [34.91621254, 27.93356292], [34.91621254, 27.93342817], [34.91616762, 27.93342817], [34.91616762, 27.93338325], [34.91612271, 27.93338325], [34.91612271, 27.93333834], [34.91594304, 27.93333834], [34.91594304, 27.93329342], [34.91589813, 27.93329342], [34.91589813, 27.93324851], [34.91603287, 27.93324851], [34.91603287, 27.93320359], [34.91607779, 27.93320359], [34.91607779, 27.93315868], [34.91616762, 27.93315868], [34.91616762, 27.93311376], [34.91621254, 27.93311376], [34.91621254, 27.93315868], [34.91625745, 27.93315868], [34.91625745, 27.93320359], [34.91630237, 27.93320359], [34.91630237, 27.93324851], [34.91634728, 27.93324851], [34.91634728, 27.93329342], [34.9163922, 27.93329342], [34.9163922, 27.93347309], [34.91634728, 27.93347309], [34.91634728, 27.93360783], [34.91625745, 27.93360783]], [[34.91890748, 27.93320359], [34.91890748, 27.93315868], [34.91877274, 27.93315868], [34.91877274, 27.93302393], [34.91913206, 27.93302393], [34.91913206, 27.93306884], [34.91917698, 27.93306884], [34.91917698, 27.93315868], [34.91913206, 27.93315868], [34.91913206, 27.93320359], [34.91890748, 27.93320359]], [[34.91459557, 27.93279935], [34.91459557, 27.93275443], [34.91455065, 27.93275443], [34.91455065, 27.9326646], [34.91450574, 27.9326646], [34.91450574, 27.93257477], [34.91464048, 27.93257477], [34.91464048, 27.93261969], [34.91482015, 27.93261969], [34.91482015, 27.93275443], [34.91473032, 27.93275443], [34.91473032, 27.93279935], [34.91459557, 27.93279935]], [[34.91396675, 27.93239511], [34.91396675, 27.93235019], [34.91392183, 27.93235019], [34.91392183, 27.93226036], [34.91396675, 27.93226036], [34.91396675, 27.93221544], [34.91401166, 27.93221544], [34.91401166, 27.93226036], [34.91405658, 27.93226036], [34.91405658, 27.93235019], [34.91401166, 27.93235019], [34.91401166, 27.93239511], [34.91396675, 27.93239511]], [[34.91293369, 27.9320807], [34.91293369, 27.93194595], [34.91302352, 27.93194595], [34.91302352, 27.9320807], [34.91293369, 27.9320807]]]]}, "geometry_name": "geom", "properties": {"class_name": "Rock", "area_sqkm": 0.09648859865824692}}, {"type": "Feature", "id": "benthic_data_verbose.fid-4dbf5249_1a0dd400c2d_-392f", "geometry": {"type": "MultiPolygon", "coordinates": [[[[34.9155388, 27.93199087], [34.91567355, 27.93199087], [34.91567355, 27.93190103], [34.91558372, 27.93190103], [34.91558372, 27.9318112], [34.9155388, 27.9318112], [34.9155388, 27.93176629], [34.91544897, 27.93176629], [34.91544897, 27.93167646], [34.91549388, 27.93167646], [34.91549388, 27.93163154], [34.91526931, 27.93163154], [34.91526931, 27.93158662], [34.91517947, 27.93158662], [34.91517947, 27.93149679], [34.91499981, 27.93149679], [34.91499981, 27.93145188], [34.9149549, 27.93145188], [34.9149549, 27.93149679], [34.91482015, 27.93149679], [34.91482015, 27.93158662], [34.91401166, 27.93158662], [34.91401166, 27.93149679], [34.91392183, 27.93149679], [34.91392183, 27.93158662], [34.913832, 27.93158662], [34.913832, 27.93149679], [34.91369725, 27.93149679], [34.91369725, 27.93145188], [34.91365234, 27.93145188], [34.91365234, 27.93140696], [34.91347267, 27.93140696], [34.91347267, 27.93131713], [34.91302352, 27.93131713], [34.91302352, 27.93127221], [34.91293369, 27.93127221], [34.91293369, 27.9312273], [34.91257436, 27.9312273], [34.91257436, 27.93113747], [34.9123947, 27.93113747], [34.9123947, 27.93104763], [34.91243961, 27.93104763], [34.91243961, 27.93100272], [34.9123947, 27.93100272], [34.9123947, 27.9309578], [34.91203537, 27.9309578], [34.91203537, 27.93104763], [34.91194554, 27.93104763], [34.91194554, 27.9309578], [34.91113706, 27.9309578], [34.91113706, 27.93086797], [34.91059807, 27.93086797], [34.91059807, 27.93077814], [34.91050823, 27.93077814], [34.91050823, 27.93086797], [34.91010399, 27.93086797], [34.91010399, 27.93091289], [34.91005908, 27.93091289], [34.91005908, 27.93104763], [34.90978958, 27.93104763], [34.90978958, 27.9309578], [34.90974467, 27.9309578], [34.90974467, 27.93086797], [34.90969975, 27.93086797], [34.90969975, 27.93082306], [34.90960992, 27.93082306], [34.90960992, 27.93077814], [34.90893618, 27.93077814], [34.90893618, 27.93082306], [34.90889127, 27.93082306], [34.90889127, 27.93086797], [34.90902601, 27.93086797], [34.90902601, 27.93091289], [34.90907093, 27.93091289], [34.90907093, 27.93104763], [34.90916076, 27.93104763], [34.90916076, 27.9309578], [34.90934042, 27.9309578], [34.90934042, 27.93104763], [34.90969975, 27.93104763], [34.90969975, 27.93113747], [34.90996925, 27.93113747], [34.90996925, 27.93131713], [34.91010399, 27.93131713], [34.91010399, 27.93127221], [34.91023874, 27.93127221], [34.91023874, 27.93131713], [34.91032857, 27.93131713], [34.91032857, 27.93127221], [34.91037349, 27.93127221], [34.91037349, 27.93118238], [34.91073281, 27.93118238], [34.91073281, 27.93113747], [34.91077773, 27.93113747], [34.91077773, 27.93109255], [34.91086756, 27.93109255], [34.91086756, 27.93104763], [34.91109214, 27.93104763], [34.91109214, 27.93109255], [34.91149638, 27.93109255], [34.91149638, 27.93113747], [34.91190062, 27.93113747], [34.91190062, 27.93118238], [34.9121252, 27.93118238], [34.9121252, 27.9312273], [34.91225995, 27.9312273], [34.91225995, 27.93127221], [34.91243961, 27.93127221], [34.91243961, 27.93131713], [34.91257436, 27.93131713], [34.91257436, 27.93136204], [34.91275402, 27.93136204], [34.91275402, 27.93140696], [34.91288877, 27.93140696], [34.91288877, 27.93145188], [34.9129786, 27.93145188], [34.9129786, 27.93149679], [34.91333793, 27.93149679], [34.91333793, 27.93154171], [34.91338284, 27.93154171], [34.91338284, 27.93158662], [34.91342776, 27.93158662], [34.91342776, 27.93163154], [34.91351759, 27.93163154], [34.91351759, 27.93158662], [34.91365234, 27.93158662], [34.91365234, 27.93154171], [34.91369725, 27.93154171], [34.91369725, 27.93158662], [34.91374217, 27.93158662], [34.91374217, 27.93163154], [34.91378709, 27.93163154], [34.91378709, 27.93167646], [34.91387692, 27.93167646], [34.91387692, 27.93172137], [34.91414641, 27.93172137], [34.91414641, 27.93176629], [34.91513456, 27.93176629], [34.91513456, 27.9318112], [34.91517947, 27.9318112], [34.91517947, 27.93190103], [34.91535914, 27.93190103], [34.91535914, 27.93185612], [34.91549388, 27.93185612], [34.91549388, 27.93194595], [34.9155388, 27.93194595], [34.9155388, 27.93199087]]]]}, "geometry_name": "geom", "properties": {"class_name": "Coral/Algae", "area_sqkm": 0.015645185264816508}}, {"type": "Feature", "id": "benthic_data_verbose.fid-4dbf5249_1a0dd400c2d_-392e", "geometry": {"type": "MultiPolygon", "coordinates": [[[[34.90296239, 27.93661719], [34.90323188, 27.93661719], [34.90323188, 27.93634769], [34.90314205, 27.93634769], [34.90314205, 27.93616803], [34.90305222, 27.93616803], [34.90305222, 27.9360782], [34.90296239, 27.9360782], [34.90296239, 27.93589854], [34.90287255, 27.93589854], [34.90287255, 27.93553921], [34.90278272, 27.93553921], [34.90278272, 27.93526972], [34.90273781, 27.93526972], [34.90273781, 27.93517988], [34.90269289, 27.93517988], [34.90269289, 27.93509005], [34.90264798, 27.93509005], [34.90264798, 27.93500022], [34.90260306, 27.93500022], [34.90260306, 27.93491039], [34.90251323, 27.93491039], [34.90251323, 27.93473073], [34.9024234, 27.93473073], [34.9024234, 27.9346409], [34.90233357, 27.9346409], [34.90233357, 27.93446123], [34.90224373, 27.93446123], [34.90224373, 27.9343714], [34.90228865, 27.9343714], [34.90228865, 27.93419174], [34.90224373, 27.93419174], [34.90224373, 27.93401207], [34.9021539, 27.93401207], [34.9021539, 27.93387733], [34.90210899, 27.93387733], [34.90210899, 27.93383241], [34.90206407, 27.93383241], [34.90206407, 27.93356292], [34.90197424, 27.93356292], [34.90197424, 27.93338325], [34.90188441, 27.93338325], [34.90188441, 27.93320359], [34.90179458, 27.93320359], [34.90179458, 27.93311376], [34.90170474, 27.93311376], [34.90170474, 27.93284427], [34.90161491, 27.93284427], [34.90161491, 27.93257477], [34.90152508, 27.93257477], [34.90152508, 27.93239511], [34.90134542, 27.93239511], [34.90134542, 27.93212561], [34.90125559, 27.93212561], [34.90125559, 27.93203578], [34.90116576, 27.93203578], [34.90116576, 27.93199087], [34.90112084, 27.93199087], [34.90112084, 27.93194595], [34.90098609, 27.93194595], [34.90098609, 27.9318112], [34.90103101, 27.9318112], [34.90103101, 27.93176629], [34.90098609, 27.93176629], [34.90098609, 27.93167646], [34.90089626, 27.93167646], [34.90089626, 27.93158662], [34.90080643, 27.93158662], [34.90080643, 27.93140696], [34.9007166, 27.93140696], [34.9007166, 27.93131713], [34.90062677, 27.93131713], [34.90062677, 27.93113747], [34.90053693, 27.93113747], [34.90053693, 27.93104763], [34.9004471, 27.93104763], [34.9004471, 27.9309578], [34.90035727, 27.9309578], [34.90035727, 27.93086797], [34.90026744, 27.93086797], [34.90026744, 27.93073322], [34.90022252, 27.93073322], [34.90022252, 27.93059848], [34.90017761, 27.93059848], [34.90017761, 27.93050865], [34.90008778, 27.93050865], [34.90008778, 27.93032898], [34.89999795, 27.93032898], [34.89999795, 27.93028407], [34.89995303, 27.93028407], [34.89995303, 27.93023915], [34.89981828, 27.93023915], [34.89981828, 27.93005949], [34.89977337, 27.93005949], [34.89977337, 27.93001457], [34.89963862, 27.93001457], [34.89963862, 27.92996966], [34.8995937, 27.92996966], [34.8995937, 27.92987982], [34.89954879, 27.92987982], [34.89954879, 27.92983491], [34.89950387, 27.92983491], [34.89950387, 27.92956541], [34.89941404, 27.92956541], [34.89941404, 27.9295205], [34.89936912, 27.9295205], [34.89936912, 27.92947558], [34.89932421, 27.92947558], [34.89932421, 27.92943067], [34.89927929, 27.92943067], [34.89927929, 27.92938575], [34.89923438, 27.92938575], [34.89923438, 27.92929592], [34.89918946, 27.92929592], [34.89918946, 27.92916117], [34.89914455, 27.92916117], [34.89914455, 27.92911626], [34.89909963, 27.92911626], [34.89909963, 27.92902643], [34.89905471, 27.92902643], [34.89905471, 27.92898151], [34.8990098, 27.92898151], [34.8990098, 27.92893659], [34.89891997, 27.92893659], [34.89891997, 27.92889168], [34.89887505, 27.92889168], [34.89887505, 27.92880185], [34.89891997, 27.92880185], [34.89891997, 27.92875693], [34.89896488, 27.92875693], [34.89896488, 27.92871201], [34.89905471, 27.92871201], [34.89905471, 27.92862218], [34.8990098, 27.92862218], [34.8990098, 27.92830777], [34.89896488, 27.92830777], [34.89896488, 27.92821794], [34.8990098, 27.92821794], [34.8990098, 27.92817303], [34.89905471, 27.92817303], [34.89905471, 27.92803828], [34.8990098, 27.92803828], [34.8990098, 27.92794845], [34.89896488, 27.92794845], [34.89896488, 27.92790353], [34.89883014, 27.92790353], [34.89883014, 27.92799336], [34.89887505, 27.92799336], [34.89887505, 27.92803828], [34.89891997, 27.92803828], [34.89891997, 27.92830777], [34.89883014, 27.92830777], [34.89883014, 27.92826286], [34.89878522, 27.92826286], [34.89878522, 27.92821794], [34.8987403, 27.92821794], [34.8987403, 27.92812811], [34.89869539, 27.92812811], [34.89869539, 27.92808319], [34.8987403, 27.92808319], [34.8987403, 27.92794845], [34.89878522, 27.92794845], [34.89878522, 27.92776878], [34.89883014, 27.92776878], [34.89883014, 27.92772387], [34.89905471, 27.92772387], [34.89905471, 27.92776878], [34.89914455, 27.92776878], [34.89914455, 27.9278137], [34.89918946, 27.9278137], [34.89918946, 27.92785862], [34.89923438, 27.92785862], [34.89923438, 27.92790353], [34.89936912, 27.92790353], [34.89936912, 27.92785862], [34.89945896, 27.92785862], [34.89945896, 27.92776878], [34.89941404, 27.92776878], [34.89941404, 27.92772387], [34.89936912, 27.92772387], [34.89936912, 27.92767895], [34.89927929, 27.92767895], [34.89927929, 27.92763404], [34.89923438, 27.92763404], [34.89923438, 27.92758912], [34.89914455, 27.92758912], [34.89914455, 27.9275442], [34.8990098, 27.9275442], [34.8990098, 27.92745437], [34.89891997, 27.92745437], [34.89891997, 27.92740946], [34.89887505, 27.92740946], [34.89887505, 27.92736454], [34.8987403, 27.92736454], [34.8987403, 27.92727471], [34.89860556, 27.92727471], [34.89860556, 27.92731963], [34.89851573, 27.92731963], [34.89851573, 27.92740946], [34.89847081, 27.92740946], [34.89847081, 27.92794845], [34.89851573, 27.92794845], [34.89851573, 27.92799336], [34.89856064, 27.92799336], [34.89856064, 27.92803828], [34.89860556, 27.92803828], [34.89860556, 27.92808319], [34.89865047, 27.92808319], [34.89865047, 27.92853235], [34.89869539, 27.92853235], [34.89869539, 27.92875693], [34.8987403, 27.92875693], [34.8987403, 27.92898151], [34.89883014, 27.92898151], [34.89883014, 27.92934084], [34.8990098, 27.92934084], [34.8990098, 27.92943067], [34.89909963, 27.92943067], [34.89909963, 27.9295205], [34.8990098, 27.9295205], [34.8990098, 27.92961033], [34.89918946, 27.92961033], [34.89918946, 27.92987982], [34.89936912, 27.92987982], [34.89936912, 27.93005949], [34.89945896, 27.93005949], [34.89945896, 27.93023915], [34.89950387, 27.93023915], [34.89950387, 27.93028407], [34.89954879, 27.93028407], [34.89954879, 27.93032898], [34.8995937, 27.93032898], [34.8995937, 27.93041881], [34.89963862, 27.93041881], [34.89963862, 27.93050865], [34.89981828, 27.93050865], [34.89981828, 27.93068831], [34.89999795, 27.93068831], [34.89999795, 27.9309578], [34.90013269, 27.9309578], [34.90013269, 27.93100272], [34.90017761, 27.93100272], [34.90017761, 27.93109255], [34.90022252, 27.93109255], [34.90022252, 27.93113747], [34.90026744, 27.93113747], [34.90026744, 27.9312273], [34.90035727, 27.9312273], [34.90035727, 27.93131713], [34.9004471, 27.93131713], [34.9004471, 27.93145188], [34.90049202, 27.93145188], [34.90049202, 27.93149679], [34.90062677, 27.93149679], [34.90062677, 27.93203578], [34.90098609, 27.93203578], [34.90098609, 27.93221544], [34.90107592, 27.93221544], [34.90107592, 27.93230528], [34.90125559, 27.93230528], [34.90125559, 27.93284427], [34.90143525, 27.93284427], [34.90143525, 27.93302393], [34.90152508, 27.93302393], [34.90152508, 27.93311376], [34.90161491, 27.93311376], [34.90161491, 27.93338325], [34.90174966, 27.93338325], [34.90174966, 27.93347309], [34.90179458, 27.93347309], [34.90179458, 27.93356292], [34.90183949, 27.93356292], [34.90183949, 27.93365275], [34.90188441, 27.93365275], [34.90188441, 27.93401207], [34.90192932, 27.93401207], [34.90192932, 27.93392224], [34.90197424, 27.93392224], [34.90197424, 27.93410191], [34.90201916, 27.93410191], [34.90201916, 27.93419174], [34.9021539, 27.93419174], [34.9021539, 27.93423665], [34.90219882, 27.93423665], [34.90219882, 27.9343714], [34.90206407, 27.9343714], [34.90206407, 27.93446123], [34.9021539, 27.93446123], [34.9021539, 27.93455106], [34.90206407, 27.93455106], [34.90206407, 27.9346409], [34.9021539, 27.9346409], [34.9021539, 27.93473073], [34.90224373, 27.93473073], [34.90224373, 27.93491039], [34.90233357, 27.93491039], [34.90233357, 27.93526972], [34.90251323, 27.93526972], [34.90251323, 27.93553921], [34.90260306, 27.93553921], [34.90260306, 27.93589854], [34.90269289, 27.93589854], [34.90269289, 27.93594345], [34.90264798, 27.93594345], [34.90264798, 27.93598837], [34.90260306, 27.93598837], [34.90260306, 27.9360782], [34.90269289, 27.9360782], [34.90269289, 27.93616803], [34.90278272, 27.93616803], [34.90278272, 27.93643753], [34.90287255, 27.93643753], [34.90287255, 27.93652736], [34.90296239, 27.93652736], [34.90296239, 27.93661719]]]]}, "geometry_name": "geom", "properties": {"class_name": "Coral/Algae", "area_sqkm": 0.03170835992167331}}, {"type": "Feature", "id": "benthic_data_verbose.fid-4dbf5249_1a0dd400c2d_-392d", "geometry": {"type": "MultiPolygon", "coordinates": [[[[34.91962613, 27.94308506], [34.91967105, 27.94308506], [34.91967105, 27.94304014], [34.91971597, 27.94304014], [34.91971597, 27.94299523], [34.91985071, 27.94299523], [34.91985071, 27.9429054], [34.91989563, 27.9429054], [34.91989563, 27.94272573], [34.91985071, 27.94272573], [34.91985071, 27.9426359], [34.91976088, 27.9426359], [34.91976088, 27.94232149], [34.91971597, 27.94232149], [34.91971597, 27.94223166], [34.91962613, 27.94223166], [34.91962613, 27.94218674], [34.9195363, 27.94218674], [34.9195363, 27.94223166], [34.91944647, 27.94223166], [34.91944647, 27.94232149], [34.91940156, 27.94232149], [34.91940156, 27.94259099], [34.91944647, 27.94259099], [34.91944647, 27.9426359], [34.91949139, 27.9426359], [34.91949139, 27.94286048], [34.9195363, 27.94286048], [34.9195363, 27.9429054], [34.91958122, 27.9429054], [34.91958122, 27.94304014], [34.91962613, 27.94304014], [34.91962613, 27.94308506]]]]}, "geometry_name": "geom", "properties": {"class_name": "Coral/Algae", "area_sqkm": 0.002992301762200892}}, {"type": "Feature", "id": "benthic_data_verbose.fid-4dbf5249_1a0dd400c2d_-392c", "geometry": {"type": "MultiPolygon", "coordinates": [[[[34.90902601, 27.94088419], [34.90907093, 27.94088419], [34.90907093, 27.94083927], [34.90902601, 27.94083927], [34.90902601, 27.94088419]]]]}, "geometry_name": "geom", "properties": {"class_name": "Rock", "area_sqkm": 2.2002570211887358e-05}}, {"type": "Feature", "id": "benthic_data_verbose.fid-4dbf5249_1a0dd400c2d_-392b", "geometry": {"type": "MultiPolygon", "coordinates": [[[[34.9089811, 27.9409291], [34.90907093, 27.9409291], [34.90907093, 27.94088419], [34.90902601, 27.94088419], [34.90902601, 27.94083927], [34.90907093, 27.94083927], [34.90907093, 27.94074944], [34.90902601, 27.94074944], [34.90902601, 27.94079436], [34.9089811, 27.94079436], [34.9089811, 27.9409291]]]]}, "geometry_name": "geom", "properties": {"class_name": "Rubble", "area_sqkm": 0.00013201544275693596}}, {"type": "Feature", "id": "benthic_data_verbose.fid-4dbf5249_1a0dd400c2d_-392a", "geometry": {"type": "MultiPolygon", "coordinates": [[[[34.90561242, 27.94074944], [34.90570225, 27.94074944], [34.90570225, 27.94065961], [34.90565733, 27.94065961], [34.90565733, 27.94070452], [34.90561242, 27.94070452], [34.90561242, 27.94074944]]]]}, "geometry_name": "geom", "properties": {"class_name": "Coral/Algae", "area_sqkm": 6.6007803786546e-05}}, {"type": "Feature", "id": "benthic_data_verbose.fid-4dbf5249_1a0dd400c2d_-3929", "geometry": {"type": "MultiPolygon", "coordinates": [[[[34.90565733, 27.93953671], [34.90574716, 27.93953671], [34.90574716, 27.93935705], [34.90570225, 27.93935705], [34.90570225, 27.93931214], [34.9055675, 27.93931214], [34.9055675, 27.93940197], [34.90561242, 27.93940197], [34.90561242, 27.9394918], [34.90565733, 27.9394918], [34.90565733, 27.93953671]]]]}, "geometry_name": "geom", "properties": {"class_name": "Rubble", "area_sqkm": 0.00033004286844469605}}, {"type": "Feature", "id": "benthic_data_verbose.fid-4dbf5249_1a0dd400c2d_-3928", "geometry": {"type": "MultiPolygon", "coordinates": [[[[34.90830736, 27.93917739], [34.90835228, 27.93917739], [34.90835228, 27.93904264], [34.90830736, 27.93904264], [34.90830736, 27.93908756], [34.90826245, 27.93908756], [34.90826245, 27.93913247], [34.90830736, 27.93913247], [34.90830736, 27.93917739]]]]}, "geometry_name": "geom", "properties": {"class_name": "Sand", "area_sqkm": 8.801167806610466e-05}}, {"type": "Feature", "id": "benthic_data_verbose.fid-4dbf5249_1a0dd400c2d_-3927", "geometry": {"type": "MultiPolygon", "coordinates": [[[[34.91288877, 27.93904264], [34.91293369, 27.93904264], [34.91293369, 27.93899772], [34.9129786, 27.93899772], [34.9129786, 27.93886298], [34.91288877, 27.93886298], [34.91288877, 27.93890789], [34.91284385, 27.93890789], [34.91284385, 27.93899772], [34.91288877, 27.93899772], [34.91288877, 27.93904264]]]]}, "geometry_name": "geom", "properties": {"class_name": "Coral/Algae", "area_sqkm": 0.00019802656761556863}}, {"type": "Feature", "id": "benthic_data_verbose.fid-4dbf5249_1a0dd400c2d_-3926", "geometry": {"type": "MultiPolygon", "coordinates": [[[[34.90570225, 27.93908756], [34.90601666, 27.93908756], [34.90601666, 27.93899772], [34.90606157, 27.93899772], [34.90606157, 27.93886298], [34.90601666, 27.93886298], [34.90601666, 27.93881806], [34.905837, 27.93881806], [34.905837, 27.93886298], [34.90579208, 27.93886298], [34.90579208, 27.93895281], [34.90574716, 27.93895281], [34.90574716, 27.93899772], [34.90570225, 27.93899772], [34.90570225, 27.93908756]]]]}, "geometry_name": "geom", "properties": {"class_name": "Rubble", "area_sqkm": 0.0008141092619579286}}, {"type": "Feature", "id": "benthic_data_verbose.fid-4dbf5249_1a0dd400c2d_-3925", "geometry": {"type": "MultiPolygon", "coordinates": [[[[34.91320318, 27.93841382], [34.91347267, 27.93841382], [34.91347267, 27.9383689], [34.91342776, 27.9383689], [34.91342776, 27.93832399], [34.9132481, 27.93832399], [34.9132481, 27.9383689], [34.91320318, 27.9383689], [34.91320318, 27.93841382]]]]}, "geometry_name": "geom", "properties": {"class_name": "Rubble", "area_sqkm": 0.00022003075371310115}}, {"type": "Feature", "id": "benthic_data_verbose.fid-4dbf5249_1a0dd400c2d_-3924", "geometry": {"type": "MultiPolygon", "coordinates": [[[[34.91203537, 27.93711126], [34.91208029, 27.93711126], [34.91208029, 27.93706635], [34.9121252, 27.93706635], [34.9121252, 27.93697652], [34.91217012, 27.93697652], [34.91217012, 27.93688668], [34.91203537, 27.93688668], [34.91203537, 27.9369316], [34.91199045, 27.9369316], [34.91199045, 27.93702143], [34.91203537, 27.93702143], [34.91203537, 27.93711126]]]]}, "geometry_name": "geom", "properties": {"class_name": "Rubble", "area_sqkm": 0.00028604346522316336}}, {"type": "Feature", "id": "benthic_data_verbose.fid-4dbf5249_1a0dd400c2d_-3923", "geometry": {"type": "MultiPolygon", "coordinates": [[[[34.91459557, 27.93841382], [34.91464048, 27.93841382], [34.91464048, 27.93832399], [34.91473032, 27.93832399], [34.91473032, 27.93814433], [34.91482015, 27.93814433], [34.91482015, 27.93809941], [34.91490998, 27.93809941], [34.91490998, 27.937785], [34.9149549, 27.937785], [34.9149549, 27.93769517], [34.91490998, 27.93769517], [34.91490998, 27.93765025], [34.91486506, 27.93765025], [34.91486506, 27.93742567], [34.9149549, 27.93742567], [34.9149549, 27.93738076], [34.91504473, 27.93738076], [34.91504473, 27.93733584], [34.91508964, 27.93733584], [34.91508964, 27.93729093], [34.91504473, 27.93729093], [34.91504473, 27.93724601], [34.91499981, 27.93724601], [34.91499981, 27.93706635], [34.91504473, 27.93706635], [34.91504473, 27.93670702], [34.91499981, 27.93670702], [34.91499981, 27.93684177], [34.91490998, 27.93684177], [34.91490998, 27.9369316], [34.91486506, 27.9369316], [34.91486506, 27.93711126], [34.91482015, 27.93711126], [34.91482015, 27.93720109], [34.91477523, 27.93720109], [34.91477523, 27.93729093], [34.91473032, 27.93729093], [34.91473032, 27.93738076], [34.9146854, 27.93738076], [34.9146854, 27.93742567], [34.91464048, 27.93742567], [34.91464048, 27.93747059], [34.91459557, 27.93747059], [34.91459557, 27.9375155], [34.91450574, 27.9375155], [34.91450574, 27.93756042], [34.91446082, 27.93756042], [34.91446082, 27.937785], [34.91450574, 27.937785], [34.91450574, 27.93782991], [34.91455065, 27.93782991], [34.91455065, 27.93791975], [34.91441591, 27.93791975], [34.91441591, 27.93787483], [34.91437099, 27.93787483], [34.91437099, 27.93791975], [34.91432607, 27.93791975], [34.91432607, 27.93800958], [34.91428116, 27.93800958], [34.91428116, 27.93805449], [34.91419133, 27.93805449], [34.91419133, 27.93809941], [34.91423624, 27.93809941], [34.91423624, 27.93818924], [34.91419133, 27.93818924], [34.91419133, 27.93827907], [34.91423624, 27.93827907], [34.91423624, 27.93832399], [34.91441591, 27.93832399], [34.91441591, 27.9383689], [34.91459557, 27.9383689], [34.91459557, 27.93841382]]]]}, "geometry_name": "geom", "properties": {"class_name": "Rock", "area_sqkm": 0.006160893038289621}}, {"type": "Feature", "id": "benthic_data_verbose.fid-4dbf5249_1a0dd400c2d_-3922", "geometry": {"type": "MultiPolygon", "coordinates": [[[[34.91405658, 27.93612312], [34.91432607, 27.93612312], [34.91432607, 27.9360782], [34.91437099, 27.9360782], [34.91437099, 27.93603328], [34.91441591, 27.93603328], [34.91441591, 27.93598837], [34.91446082, 27.93598837], [34.91446082, 27.93585362], [34.91450574, 27.93585362], [34.91450574, 27.93580871], [34.91455065, 27.93580871], [34.91455065, 27.93576379], [34.91450574, 27.93576379], [34.91450574, 27.93571887], [34.91446082, 27.93571887], [34.91446082, 27.93576379], [34.91432607, 27.93576379], [34.91432607, 27.93598837], [34.91423624, 27.93598837], [34.91423624, 27.93603328], [34.91405658, 27.93603328], [34.91405658, 27.93612312]]]]}, "geometry_name": "geom", "properties": {"class_name": "Sand", "area_sqkm": 0.0007921278327275067}}, {"type": "Feature", "id": "benthic_data_verbose.fid-4dbf5249_1a0dd400c2d_-3921", "geometry": {"type": "MultiPolygon", "coordinates": [[[[34.91459557, 27.93279935], [34.91473032, 27.93279935], [34.91473032, 27.93275443], [34.91482015, 27.93275443], [34.91482015, 27.93261969], [34.91464048, 27.93261969], [34.91464048, 27.93257477], [34.91450574, 27.93257477], [34.91450574, 27.9326646], [34.91455065, 27.9326646], [34.91455065, 27.93275443], [34.91459557, 27.93275443], [34.91459557, 27.93279935]]]]}, "geometry_name": "geom", "properties": {"class_name": "Rubble", "area_sqkm": 0.0005501049800235779}}, {"type": "Feature", "id": "benthic_data_verbose.fid-4dbf5249_1a0dd400c2d_-3920", "geometry": {"type": "MultiPolygon", "coordinates": [[[[34.91625745, 27.93248494], [34.91634728, 27.93248494], [34.91634728, 27.93244002], [34.9163922, 27.93244002], [34.9163922, 27.93239511], [34.91643712, 27.93239511], [34.91643712, 27.93230528], [34.91630237, 27.93230528], [34.91630237, 27.93226036], [34.91621254, 27.93226036], [34.91621254, 27.93217053], [34.91612271, 27.93217053], [34.91612271, 27.93212561], [34.91603287, 27.93212561], [34.91603287, 27.9320807], [34.91594304, 27.9320807], [34.91594304, 27.93203578], [34.91576338, 27.93203578], [34.91576338, 27.9320807], [34.91580829, 27.9320807], [34.91580829, 27.93212561], [34.91585321, 27.93212561], [34.91585321, 27.93217053], [34.91589813, 27.93217053], [34.91589813, 27.93221544], [34.91603287, 27.93221544], [34.91603287, 27.93226036], [34.91607779, 27.93226036], [34.91607779, 27.93230528], [34.91612271, 27.93230528], [34.91612271, 27.93235019], [34.91616762, 27.93235019], [34.91616762, 27.93239511], [34.91621254, 27.93239511], [34.91621254, 27.93244002], [34.91625745, 27.93244002], [34.91625745, 27.93248494]]]]}, "geometry_name": "geom", "properties": {"class_name": "Coral/Algae", "area_sqkm": 0.0011002143208645285}}, {"type": "Feature", "id": "benthic_data_verbose.fid-4dbf5249_1a0dd400c2d_-391f", "geometry": {"type": "MultiPolygon", "coordinates": [[[[34.90112084, 27.93199087], [34.90116576, 27.93199087], [34.90116576, 27.93194595], [34.90112084, 27.93194595], [34.90112084, 27.93199087]]]]}, "geometry_name": "geom", "properties": {"class_name": "Rock", "area_sqkm": 2.2004343403503297e-05}}, {"type": "Feature", "id": "benthic_data_verbose.fid-4dbf5249_1a0dd400c2d_-391e", "geometry": {"type": "MultiPolygon", "coordinates": [[[[34.90098609, 27.93194595], [34.90107592, 27.93194595], [34.90107592, 27.93176629], [34.90103101, 27.93176629], [34.90103101, 27.9318112], [34.90098609, 27.9318112], [34.90098609, 27.93194595]]]]}, "geometry_name": "geom", "properties": {"class_name": "Rock", "area_sqkm": 0.00015403055068850517}}, {"type": "Feature", "id": "benthic_data_verbose.fid-4dbf5249_1a0dd400c2d_-391d", "geometry": {"type": "MultiPolygon", "coordinates": [[[[34.90875652, 27.94083927], [34.90880144, 27.94083927], [34.90880144, 27.94074944], [34.90875652, 27.94074944], [34.90875652, 27.94083927]]]]}, "geometry_name": "geom", "properties": {"class_name": "Rock", "area_sqkm": 4.4005167288705705e-05}}, {"type": "Feature", "id": "benthic_data_verbose.fid-4dbf5249_1a0dd400c2d_-391c", "geometry": {"type": "MultiPolygon", "coordinates": [[[[34.90947517, 27.94074944], [34.90960992, 27.94074944], [34.90960992, 27.94070452], [34.9098345, 27.94070452], [34.9098345, 27.94061469], [34.90987941, 27.94061469], [34.90987941, 27.94056978], [34.90952009, 27.94056978], [34.90952009, 27.94061469], [34.90947517, 27.94061469], [34.90947517, 27.94074944]]]]}, "geometry_name": "geom", "properties": {"class_name": "Rock", "area_sqkm": 0.000594070335784927}}, {"type": "Feature", "id": "benthic_data_verbose.fid-4dbf5249_1a0dd400c2d_-391b", "geometry": {"type": "MultiPolygon", "coordinates": [[[[34.90561242, 27.94065961], [34.90565733, 27.94065961], [34.90565733, 27.94061469], [34.90570225, 27.94061469], [34.90570225, 27.94043503], [34.90565733, 27.94043503], [34.90565733, 27.94039011], [34.9055675, 27.94039011], [34.9055675, 27.94043503], [34.90552258, 27.94043503], [34.90552258, 27.94052486], [34.9055675, 27.94052486], [34.9055675, 27.94056978], [34.90561242, 27.94056978], [34.90561242, 27.94065961]]]]}, "geometry_name": "geom", "properties": {"class_name": "Coral/Algae", "area_sqkm": 0.0003520422483179718}}, {"type": "Feature", "id": "benthic_data_verbose.fid-4dbf5249_1a0dd400c2d_-391a", "geometry": {"type": "MultiPolygon", "coordinates": [[[[34.9098345, 27.93976129], [34.90987941, 27.93976129], [34.90987941, 27.93971638], [34.9098345, 27.93971638], [34.9098345, 27.93976129]]]]}, "geometry_name": "geom", "properties": {"class_name": "Rock", "area_sqkm": 2.200279412791133e-05}}, {"type": "Feature", "id": "benthic_data_verbose.fid-4dbf5249_1a0dd400c2d_-3919", "geometry": {"type": "MultiPolygon", "coordinates": [[[[34.90996925, 27.93967146], [34.91001416, 27.93967146], [34.91001416, 27.93962655], [34.90996925, 27.93962655], [34.90996925, 27.93967146]]]]}, "geometry_name": "geom", "properties": {"class_name": "Rock", "area_sqkm": 2.2002812039107086e-05}}, {"type": "Feature", "id": "benthic_data_verbose.fid-4dbf5249_1a0dd400c2d_-3918", "geometry": {"type": "MultiPolygon", "coordinates": [[[[34.91032857, 27.93967146], [34.91059807, 27.93967146], [34.91059807, 27.93962655], [34.91064298, 27.93962655], [34.91064298, 27.93967146], [34.91077773, 27.93967146], [34.91077773, 27.93958163], [34.91073281, 27.93958163], [34.91073281, 27.93953671], [34.91050823, 27.93953671], [34.91050823, 27.93935705], [34.91055315, 27.93935705], [34.91055315, 27.93931214], [34.91046332, 27.93931214], [34.91046332, 27.93935705], [34.9104184, 27.93935705], [34.9104184, 27.93940197], [34.91037349, 27.93940197], [34.91037349, 27.93944688], [34.91032857, 27.93944688], [34.91032857, 27.9394918], [34.91028366, 27.9394918], [34.91028366, 27.93953671], [34.91019382, 27.93953671], [34.91019382, 27.93958163], [34.91023874, 27.93958163], [34.91023874, 27.93962655], [34.91032857, 27.93962655], [34.91032857, 27.93967146]]]]}, "geometry_name": "geom", "properties": {"class_name": "Rock", "area_sqkm": 0.0010781388218402863}}, {"type": "Feature", "id": "benthic_data_verbose.fid-4dbf5249_1a0dd400c2d_-3917", "geometry": {"type": "MultiPolygon", "coordinates": [[[[34.91064298, 27.93926722], [34.91073281, 27.93926722], [34.91073281, 27.9392223], [34.91077773, 27.9392223], [34.91077773, 27.93917739], [34.9106879, 27.93917739], [34.9106879, 27.9392223], [34.91064298, 27.9392223], [34.91064298, 27.93926722]]]]}, "geometry_name": "geom", "properties": {"class_name": "Rock", "area_sqkm": 8.801158849522471e-05}}, {"type": "Feature", "id": "benthic_data_verbose.fid-4dbf5249_1a0dd400c2d_-3916", "geometry": {"type": "MultiPolygon", "coordinates": [[[[34.90570225, 27.93917739], [34.90579208, 27.93917739], [34.90579208, 27.93913247], [34.905837, 27.93913247], [34.905837, 27.93908756], [34.90570225, 27.93908756], [34.90570225, 27.93917739]]]]}, "geometry_name": "geom", "properties": {"class_name": "Coral/Algae", "area_sqkm": 0.00011001456890441477}}, {"type": "Feature", "id": "benthic_data_verbose.fid-4dbf5249_1a0dd400c2d_-3915", "geometry": {"type": "MultiPolygon", "coordinates": [[[[34.90502851, 27.93944688], [34.90511834, 27.93944688], [34.90511834, 27.93940197], [34.90520817, 27.93940197], [34.90520817, 27.93944688], [34.90525309, 27.93944688], [34.90525309, 27.93940197], [34.90529801, 27.93940197], [34.90529801, 27.93935705], [34.90520817, 27.93935705], [34.90520817, 27.93926722], [34.90516326, 27.93926722], [34.90516326, 27.9392223], [34.90511834, 27.9392223], [34.90511834, 27.93904264], [34.90475902, 27.93904264], [34.90475902, 27.93913247], [34.90480393, 27.93913247], [34.90480393, 27.93917739], [34.90489376, 27.93917739], [34.90489376, 27.9392223], [34.90493868, 27.9392223], [34.90493868, 27.93926722], [34.9049836, 27.93926722], [34.9049836, 27.93940197], [34.90502851, 27.93940197], [34.90502851, 27.93944688]]]]}, "geometry_name": "geom", "properties": {"class_name": "Rubble", "area_sqkm": 0.0011661532579287886}}, {"type": "Feature", "id": "benthic_data_verbose.fid-4dbf5249_1a0dd400c2d_-3914", "geometry": {"type": "MultiPolygon", "coordinates": [[[[34.91203537, 27.93908756], [34.9121252, 27.93908756], [34.9121252, 27.93904264], [34.91217012, 27.93904264], [34.91217012, 27.93895281], [34.91225995, 27.93895281], [34.91225995, 27.93890789], [34.91243961, 27.93890789], [34.91243961, 27.93886298], [34.91248453, 27.93886298], [34.91248453, 27.93881806], [34.9121252, 27.93881806], [34.9121252, 27.93886298], [34.91208029, 27.93886298], [34.91208029, 27.93904264], [34.91203537, 27.93904264], [34.91203537, 27.93908756]]]]}, "geometry_name": "geom", "properties": {"class_name": "Coral/Algae", "area_sqkm": 0.0005720766880139708}}, {"type": "Feature", "id": "benthic_data_verbose.fid-4dbf5249_1a0dd400c2d_-3913", "geometry": {"type": "MultiPolygon", "coordinates": [[[[34.91257436, 27.93895281], [34.91270911, 27.93895281], [34.91270911, 27.93890789], [34.91275402, 27.93890789], [34.91275402, 27.93881806], [34.91293369, 27.93881806], [34.91293369, 27.93877315], [34.91311335, 27.93877315], [34.91311335, 27.93881806], [34.91315826, 27.93881806], [34.91315826, 27.93886298], [34.91320318, 27.93886298], [34.91320318, 27.93881806], [34.9132481, 27.93881806], [34.9132481, 27.93872823], [34.91329301, 27.93872823], [34.91329301, 27.93868331], [34.91338284, 27.93868331], [34.91338284, 27.9386384], [34.91347267, 27.9386384], [34.91347267, 27.93854857], [34.91329301, 27.93854857], [34.91329301, 27.93850365], [34.9132481, 27.93850365], [34.9132481, 27.93841382], [34.91320318, 27.93841382], [34.91320318, 27.9383689], [34.91315826, 27.9383689], [34.91315826, 27.93845874], [34.91311335, 27.93845874], [34.91311335, 27.93859348], [34.91288877, 27.93859348], [34.91288877, 27.9386384], [34.91284385, 27.9386384], [34.91284385, 27.93868331], [34.91270911, 27.93868331], [34.91270911, 27.9386384], [34.91261928, 27.9386384], [34.91261928, 27.93868331], [34.91257436, 27.93868331], [34.91257436, 27.93872823], [34.91252944, 27.93872823], [34.91252944, 27.93886298], [34.91248453, 27.93886298], [34.91248453, 27.93890789], [34.91257436, 27.93890789], [34.91257436, 27.93895281]]]]}, "geometry_name": "geom", "properties": {"class_name": "Coral/Algae", "area_sqkm": 0.0022883121363669635}}, {"type": "Feature", "id": "benthic_data_verbose.fid-4dbf5249_1a0dd400c2d_-3912", "geometry": {"type": "MultiPolygon", "coordinates": [[[[34.91387692, 27.93895281], [34.9141015, 27.93895281], [34.9141015, 27.93886298], [34.91419133, 27.93886298], [34.91419133, 27.93881806], [34.91423624, 27.93881806], [34.91423624, 27.93877315], [34.91428116, 27.93877315], [34.91428116, 27.93868331], [34.91437099, 27.93868331], [34.91437099, 27.93859348], [34.91446082, 27.93859348], [34.91446082, 27.93850365], [34.91455065, 27.93850365], [34.91455065, 27.93841382], [34.91459557, 27.93841382], [34.91459557, 27.9383689], [34.91441591, 27.9383689], [34.91441591, 27.93832399], [34.91423624, 27.93832399], [34.91423624, 27.93827907], [34.91419133, 27.93827907], [34.91419133, 27.93818924], [34.91423624, 27.93818924], [34.91423624, 27.93809941], [34.91419133, 27.93809941], [34.91419133, 27.93805449], [34.91414641, 27.93805449], [34.91414641, 27.93809941], [34.9141015, 27.93809941], [34.9141015, 27.93814433], [34.91405658, 27.93814433], [34.91405658, 27.9383689], [34.9141015, 27.9383689], [34.9141015, 27.93841382], [34.91419133, 27.93841382], [34.91419133, 27.93845874], [34.91423624, 27.93845874], [34.91423624, 27.93859348], [34.91419133, 27.93859348], [34.91419133, 27.9386384], [34.9141015, 27.9386384], [34.9141015, 27.93868331], [34.91392183, 27.93868331], [34.91392183, 27.93872823], [34.913832, 27.93872823], [34.913832, 27.93886298], [34.91387692, 27.93886298], [34.91387692, 27.93895281]]]]}, "geometry_name": "geom", "properties": {"class_name": "Coral/Algae", "area_sqkm": 0.002574354356849566}}, {"type": "Feature", "id": "benthic_data_verbose.fid-4dbf5249_1a0dd400c2d_-3911", "geometry": {"type": "MultiPolygon", "coordinates": [[[[34.90646582, 27.94173759], [34.90660056, 27.94173759], [34.90660056, 27.94169267], [34.90664548, 27.94169267], [34.90664548, 27.94164775], [34.90678023, 27.94164775], [34.90678023, 27.94169267], [34.90691497, 27.94169267], [34.90691497, 27.94173759], [34.90718447, 27.94173759], [34.90718447, 27.94169267], [34.9072743, 27.94169267], [34.9072743, 27.94173759], [34.90736413, 27.94173759], [34.90736413, 27.94169267], [34.90740905, 27.94169267], [34.90740905, 27.94173759], [34.90758871, 27.94173759], [34.90758871, 27.94169267], [34.90763363, 27.94169267], [34.90763363, 27.94164775], [34.90767854, 27.94164775], [34.90767854, 27.94160284], [34.90790312, 27.94160284], [34.90790312, 27.94151301], [34.90794804, 27.94151301], [34.90794804, 27.94146809], [34.90808278, 27.94146809], [34.90808278, 27.94142318], [34.90817261, 27.94142318], [34.90817261, 27.94137826], [34.90826245, 27.94137826], [34.90826245, 27.94133334], [34.90830736, 27.94133334], [34.90830736, 27.94128843], [34.90835228, 27.94128843], [34.90835228, 27.94124351], [34.90862177, 27.94124351], [34.90862177, 27.9411986], [34.90866669, 27.9411986], [34.90866669, 27.94115368], [34.9087116, 27.94115368], [34.9087116, 27.94110877], [34.90866669, 27.94110877], [34.90866669, 27.94097402], [34.90844211, 27.94097402], [34.90844211, 27.94079436], [34.90848703, 27.94079436], [34.90848703, 27.94074944], [34.90853194, 27.94074944], [34.90853194, 27.94070452], [34.90857686, 27.94070452], [34.90857686, 27.94065961], [34.90862177, 27.94065961], [34.90862177, 27.94061469], [34.90866669, 27.94061469], [34.90866669, 27.94056978], [34.90875652, 27.94056978], [34.90875652, 27.94052486], [34.90880144, 27.94052486], [34.90880144, 27.94047995], [34.90875652, 27.94047995], [34.90875652, 27.94039011], [34.90857686, 27.94039011], [34.90857686, 27.94043503], [34.90853194, 27.94043503], [34.90853194, 27.94052486], [34.90844211, 27.94052486], [34.90844211, 27.94056978], [34.90835228, 27.94056978], [34.90835228, 27.94061469], [34.90830736, 27.94061469], [34.90830736, 27.94065961], [34.90826245, 27.94065961], [34.90826245, 27.94070452], [34.90817261, 27.94070452], [34.90817261, 27.94065961], [34.90803787, 27.94065961], [34.90803787, 27.94070452], [34.90790312, 27.94070452], [34.90790312, 27.94065961], [34.9078582, 27.94065961], [34.9078582, 27.94056978], [34.90781329, 27.94056978], [34.90781329, 27.94052486], [34.90763363, 27.94052486], [34.90763363, 27.9403452], [34.90767854, 27.9403452], [34.90767854, 27.94030028], [34.90772346, 27.94030028], [34.90772346, 27.94025537], [34.90776837, 27.94025537], [34.90776837, 27.94030028], [34.90781329, 27.94030028], [34.90781329, 27.9403452], [34.90790312, 27.9403452], [34.90790312, 27.94030028], [34.90799295, 27.94030028], [34.90799295, 27.94021045], [34.90803787, 27.94021045], [34.90803787, 27.94016553], [34.90799295, 27.94016553], [34.90799295, 27.94012062], [34.9078582, 27.94012062], [34.9078582, 27.9400757], [34.90754379, 27.9400757], [34.90754379, 27.93994096], [34.90736413, 27.93994096], [34.90736413, 27.93989604], [34.90704972, 27.93989604], [34.90704972, 27.93985112], [34.9070048, 27.93985112], [34.9070048, 27.93971638], [34.90695989, 27.93971638], [34.90695989, 27.93967146], [34.90682514, 27.93967146], [34.90682514, 27.93962655], [34.90678023, 27.93962655], [34.90678023, 27.93967146], [34.90673531, 27.93967146], [34.90673531, 27.93976129], [34.90664548, 27.93976129], [34.90664548, 27.93971638], [34.90660056, 27.93971638], [34.90660056, 27.93967146], [34.90655565, 27.93967146], [34.90655565, 27.93962655], [34.90664548, 27.93962655], [34.90664548, 27.93944688], [34.9064209, 27.93944688], [34.9064209, 27.9394918], [34.90624124, 27.9394918], [34.90624124, 27.93940197], [34.90628615, 27.93940197], [34.90628615, 27.93935705], [34.90633107, 27.93935705], [34.90633107, 27.93926722], [34.90624124, 27.93926722], [34.90624124, 27.93931214], [34.90610649, 27.93931214], [34.90610649, 27.93926722], [34.90606157, 27.93926722], [34.90606157, 27.93917739], [34.90610649, 27.93917739], [34.90610649, 27.93913247], [34.90619632, 27.93913247], [34.90619632, 27.93904264], [34.90624124, 27.93904264], [34.90624124, 27.93899772], [34.90619632, 27.93899772], [34.90619632, 27.93895281], [34.90610649, 27.93895281], [34.90610649, 27.93890789], [34.90606157, 27.93890789], [34.90606157, 27.93899772], [34.90601666, 27.93899772], [34.90601666, 27.93908756], [34.905837, 27.93908756], [34.905837, 27.93913247], [34.90579208, 27.93913247], [34.90579208, 27.93917739], [34.90570225, 27.93917739], [34.90570225, 27.93899772], [34.90574716, 27.93899772], [34.90574716, 27.93895281], [34.90579208, 27.93895281], [34.90579208, 27.93890789], [34.9055675, 27.93890789], [34.9055675, 27.93895281], [34.90538784, 27.93895281], [34.90538784, 27.93913247], [34.90511834, 27.93913247], [34.90511834, 27.9392223], [34.90516326, 27.9392223], [34.90516326, 27.93926722], [34.90520817, 27.93926722], [34.90520817, 27.93935705], [34.90529801, 27.93935705], [34.90529801, 27.93940197], [34.90534292, 27.93940197], [34.90534292, 27.93935705], [34.9055675, 27.93935705], [34.9055675, 27.93931214], [34.90570225, 27.93931214], [34.90570225, 27.93935705], [34.90574716, 27.93935705], [34.90574716, 27.93953671], [34.90565733, 27.93953671], [34.90565733, 27.9394918], [34.90561242, 27.9394918], [34.90561242, 27.93944688], [34.9055675, 27.93944688], [34.9055675, 27.9394918], [34.90543275, 27.9394918], [34.90543275, 27.93953671], [34.90538784, 27.93953671], [34.90538784, 27.93962655], [34.90525309, 27.93962655], [34.90525309, 27.93944688], [34.90520817, 27.93944688], [34.90520817, 27.93940197], [34.90511834, 27.93940197], [34.90511834, 27.93944688], [34.90502851, 27.93944688], [34.90502851, 27.93940197], [34.9049836, 27.93940197], [34.9049836, 27.93926722], [34.90493868, 27.93926722], [34.90493868, 27.9392223], [34.90489376, 27.9392223], [34.90489376, 27.93917739], [34.90480393, 27.93917739], [34.90480393, 27.93913247], [34.90475902, 27.93913247], [34.90475902, 27.93904264], [34.90457935, 27.93904264], [34.90457935, 27.93895281], [34.90448952, 27.93895281], [34.90448952, 27.93877315], [34.90439969, 27.93877315], [34.90439969, 27.93841382], [34.90430986, 27.93841382], [34.90430986, 27.93832399], [34.90422003, 27.93832399], [34.90422003, 27.93805449], [34.90417511, 27.93805449], [34.90417511, 27.93814433], [34.9041302, 27.93814433], [34.9041302, 27.93818924], [34.90408528, 27.93818924], [34.90408528, 27.93832399], [34.9041302, 27.93832399], [34.9041302, 27.93841382], [34.90417511, 27.93841382], [34.90417511, 27.93850365], [34.90422003, 27.93850365], [34.90422003, 27.93877315], [34.90426494, 27.93877315], [34.90426494, 27.93881806], [34.90430986, 27.93881806], [34.90430986, 27.93890789], [34.90435477, 27.93890789], [34.90435477, 27.93895281], [34.90439969, 27.93895281], [34.90439969, 27.93899772], [34.90444461, 27.93899772], [34.90444461, 27.93917739], [34.90448952, 27.93917739], [34.90448952, 27.93926722], [34.90453444, 27.93926722], [34.90453444, 27.93953671], [34.90457935, 27.93953671], [34.90457935, 27.93958163], [34.90462427, 27.93958163], [34.90462427, 27.93962655], [34.90466919, 27.93962655], [34.90466919, 27.93976129], [34.9047141, 27.93976129], [34.9047141, 27.93980621], [34.90475902, 27.93980621], [34.90475902, 27.93985112], [34.90480393, 27.93985112], [34.90480393, 27.93998587], [34.90484885, 27.93998587], [34.90484885, 27.94003079], [34.90489376, 27.94003079], [34.90489376, 27.94016553], [34.90493868, 27.94016553], [34.90493868, 27.94021045], [34.9049836, 27.94021045], [34.9049836, 27.94025537], [34.90507343, 27.94025537], [34.90507343, 27.94030028], [34.90511834, 27.94030028], [34.90511834, 27.94043503], [34.90516326, 27.94043503], [34.90516326, 27.94052486], [34.90520817, 27.94052486], [34.90520817, 27.94056978], [34.90525309, 27.94056978], [34.90525309, 27.94061469], [34.90529801, 27.94061469], [34.90529801, 27.94065961], [34.90534292, 27.94065961], [34.90534292, 27.94070452], [34.90538784, 27.94070452], [34.90538784, 27.94074944], [34.90543275, 27.94074944], [34.90543275, 27.94083927], [34.90547767, 27.94083927], [34.90547767, 27.9409291], [34.90561242, 27.9409291], [34.90561242, 27.94097402], [34.90565733, 27.94097402], [34.90565733, 27.94110877], [34.90570225, 27.94110877], [34.90570225, 27.94115368], [34.90579208, 27.94115368], [34.90579208, 27.9411986], [34.90592683, 27.9411986], [34.90592683, 27.94124351], [34.90597174, 27.94124351], [34.90597174, 27.94128843], [34.90606157, 27.94128843], [34.90606157, 27.94133334], [34.90615141, 27.94133334], [34.90615141, 27.94142318], [34.90619632, 27.94142318], [34.90619632, 27.94151301], [34.90637598, 27.94151301], [34.90637598, 27.94155792], [34.9064209, 27.94155792], [34.9064209, 27.94160284], [34.90646582, 27.94160284], [34.90646582, 27.94173759]], [[34.90592683, 27.94088419], [34.90592683, 27.94079436], [34.90601666, 27.94079436], [34.90601666, 27.94088419], [34.90592683, 27.94088419]], [[34.90651073, 27.94088419], [34.90651073, 27.94083927], [34.90646582, 27.94083927], [34.90646582, 27.94079436], [34.90637598, 27.94079436], [34.90637598, 27.94074944], [34.90628615, 27.94074944], [34.90628615, 27.94065961], [34.90624124, 27.94065961], [34.90624124, 27.94061469], [34.90619632, 27.94061469], [34.90619632, 27.94052486], [34.90624124, 27.94052486], [34.90624124, 27.94047995], [34.90619632, 27.94047995], [34.90619632, 27.94039011], [34.90615141, 27.94039011], [34.90615141, 27.94030028], [34.90619632, 27.94030028], [34.90619632, 27.94025537], [34.90624124, 27.94025537], [34.90624124, 27.94030028], [34.90628615, 27.94030028], [34.90628615, 27.9403452], [34.90633107, 27.9403452], [34.90633107, 27.94039011], [34.90637598, 27.94039011], [34.90637598, 27.94043503], [34.90646582, 27.94043503], [34.90646582, 27.94047995], [34.90637598, 27.94047995], [34.90637598, 27.94056978], [34.9064209, 27.94056978], [34.9064209, 27.94065961], [34.90660056, 27.94065961], [34.90660056, 27.94070452], [34.90664548, 27.94070452], [34.90664548, 27.94083927], [34.90673531, 27.94083927], [34.90673531, 27.94088419], [34.90651073, 27.94088419]], [[34.90561242, 27.94074944], [34.90561242, 27.94070452], [34.90565733, 27.94070452], [34.90565733, 27.94065961], [34.90570225, 27.94065961], [34.90570225, 27.94074944], [34.90561242, 27.94074944]], [[34.90561242, 27.94065961], [34.90561242, 27.94056978], [34.9055675, 27.94056978], [34.9055675, 27.94052486], [34.90552258, 27.94052486], [34.90552258, 27.94043503], [34.9055675, 27.94043503], [34.9055675, 27.94039011], [34.90565733, 27.94039011], [34.90565733, 27.94043503], [34.90570225, 27.94043503], [34.90570225, 27.94061469], [34.90565733, 27.94061469], [34.90565733, 27.94065961], [34.90561242, 27.94065961]], [[34.90718447, 27.94061469], [34.90718447, 27.94052486], [34.90722938, 27.94052486], [34.90722938, 27.94061469], [34.90718447, 27.94061469]], [[34.90601666, 27.94012062], [34.90601666, 27.94003079], [34.90606157, 27.94003079], [34.90606157, 27.9400757], [34.90610649, 27.9400757], [34.90610649, 27.94012062], [34.90601666, 27.94012062]], [[34.90597174, 27.94003079], [34.90597174, 27.93998587], [34.905837, 27.93998587], [34.905837, 27.93985112], [34.90597174, 27.93985112], [34.90597174, 27.93994096], [34.90601666, 27.93994096], [34.90601666, 27.94003079], [34.90597174, 27.94003079]], [[34.90547767, 27.93994096], [34.90547767, 27.93989604], [34.90543275, 27.93989604], [34.90543275, 27.93985112], [34.90547767, 27.93985112], [34.90547767, 27.93980621], [34.90552258, 27.93980621], [34.90552258, 27.93985112], [34.90561242, 27.93985112], [34.90561242, 27.93994096], [34.90547767, 27.93994096]]]]}, "geometry_name": "geom", "properties": {"class_name": "Rock", "area_sqkm": 0.06633802951189503}}, {"type": "Feature", "id": "benthic_data_verbose.fid-4dbf5249_1a0dd400c2d_-3910", "geometry": {"type": "MultiPolygon", "coordinates": [[[[34.91374217, 27.93814433], [34.913832, 27.93814433], [34.913832, 27.93809941], [34.91387692, 27.93809941], [34.91387692, 27.93791975], [34.91378709, 27.93791975], [34.91378709, 27.93796466], [34.91374217, 27.93796466], [34.91374217, 27.93814433]]]]}, "geometry_name": "geom", "properties": {"class_name": "Coral/Algae", "area_sqkm": 0.0002860407480280846}}, {"type": "Feature", "id": "benthic_data_verbose.fid-4dbf5249_1a0dd400c2d_-390f", "geometry": {"type": "MultiPolygon", "coordinates": [[[[34.91585321, 27.93562904], [34.91589813, 27.93562904], [34.91589813, 27.93558413], [34.91585321, 27.93558413], [34.91585321, 27.93562904]]]]}, "geometry_name": "geom", "properties": {"class_name": "Rock", "area_sqkm": 2.2003618076443673e-05}}, {"type": "Feature", "id": "benthic_data_verbose.fid-4dbf5249_1a0dd400c2d_-390e", "geometry": {"type": "MultiPolygon", "coordinates": [[[[34.90803787, 27.93845874], [34.90817261, 27.93845874], [34.90817261, 27.9383689], [34.90821753, 27.9383689], [34.90821753, 27.93832399], [34.90830736, 27.93832399], [34.90830736, 27.93827907], [34.90835228, 27.93827907], [34.90835228, 27.93823416], [34.90844211, 27.93823416], [34.90844211, 27.93818924], [34.90853194, 27.93818924], [34.90853194, 27.93814433], [34.90862177, 27.93814433], [34.90862177, 27.93818924], [34.9089811, 27.93818924], [34.9089811, 27.93814433], [34.90902601, 27.93814433], [34.90902601, 27.93787483], [34.90907093, 27.93787483], [34.90907093, 27.937785], [34.90911585, 27.937785], [34.90911585, 27.93774008], [34.90916076, 27.93774008], [34.90916076, 27.93769517], [34.90920568, 27.93769517], [34.90920568, 27.93765025], [34.90925059, 27.93765025], [34.90925059, 27.93760534], [34.90934042, 27.93760534], [34.90934042, 27.93756042], [34.90938534, 27.93756042], [34.90938534, 27.9375155], [34.90943026, 27.9375155], [34.90943026, 27.93747059], [34.90978958, 27.93747059], [34.90978958, 27.93742567], [34.9098345, 27.93742567], [34.9098345, 27.93738076], [34.90992433, 27.93738076], [34.90992433, 27.93733584], [34.90996925, 27.93733584], [34.90996925, 27.93729093], [34.91014891, 27.93729093], [34.91014891, 27.93733584], [34.91019382, 27.93733584], [34.91019382, 27.93760534], [34.91023874, 27.93760534], [34.91023874, 27.93782991], [34.91037349, 27.93782991], [34.91037349, 27.93787483], [34.9104184, 27.93787483], [34.9104184, 27.93796466], [34.91055315, 27.93796466], [34.91055315, 27.93782991], [34.91050823, 27.93782991], [34.91050823, 27.93774008], [34.91046332, 27.93774008], [34.91046332, 27.93760534], [34.91050823, 27.93760534], [34.91050823, 27.93742567], [34.91055315, 27.93742567], [34.91055315, 27.93738076], [34.91059807, 27.93738076], [34.91059807, 27.93733584], [34.91064298, 27.93733584], [34.91064298, 27.93729093], [34.9106879, 27.93729093], [34.9106879, 27.93715618], [34.91073281, 27.93715618], [34.91073281, 27.93711126], [34.91086756, 27.93711126], [34.91086756, 27.93720109], [34.91091248, 27.93720109], [34.91091248, 27.93729093], [34.91095739, 27.93729093], [34.91095739, 27.93733584], [34.91109214, 27.93733584], [34.91109214, 27.93729093], [34.91113706, 27.93729093], [34.91113706, 27.93724601], [34.91122689, 27.93724601], [34.91122689, 27.93720109], [34.91136163, 27.93720109], [34.91136163, 27.93724601], [34.91140655, 27.93724601], [34.91140655, 27.93729093], [34.91145147, 27.93729093], [34.91145147, 27.93733584], [34.91149638, 27.93733584], [34.91149638, 27.93747059], [34.9115413, 27.93747059], [34.9115413, 27.9375155], [34.91167604, 27.9375155], [34.91167604, 27.93747059], [34.91172096, 27.93747059], [34.91172096, 27.93742567], [34.91176588, 27.93742567], [34.91176588, 27.93738076], [34.91194554, 27.93738076], [34.91194554, 27.93733584], [34.91199045, 27.93733584], [34.91199045, 27.93729093], [34.91203537, 27.93729093], [34.91203537, 27.93715618], [34.91217012, 27.93715618], [34.91217012, 27.93720109], [34.91221503, 27.93720109], [34.91221503, 27.93715618], [34.91230487, 27.93715618], [34.91230487, 27.9369316], [34.91234978, 27.9369316], [34.91234978, 27.93670702], [34.91252944, 27.93670702], [34.91252944, 27.93666211], [34.91257436, 27.93666211], [34.91257436, 27.93661719], [34.9123947, 27.93661719], [34.9123947, 27.93652736], [34.91252944, 27.93652736], [34.91252944, 27.93648244], [34.91261928, 27.93648244], [34.91261928, 27.93643753], [34.91275402, 27.93643753], [34.91275402, 27.93648244], [34.91279894, 27.93648244], [34.91279894, 27.93661719], [34.91288877, 27.93661719], [34.91288877, 27.93666211], [34.91293369, 27.93666211], [34.91293369, 27.93661719], [34.91306843, 27.93661719], [34.91306843, 27.93666211], [34.91320318, 27.93666211], [34.91320318, 27.93661719], [34.91333793, 27.93661719], [34.91333793, 27.93666211], [34.91338284, 27.93666211], [34.91338284, 27.93679685], [34.91342776, 27.93679685], [34.91342776, 27.93684177], [34.91347267, 27.93684177], [34.91347267, 27.93679685], [34.91351759, 27.93679685], [34.91351759, 27.93675194], [34.91356251, 27.93675194], [34.91356251, 27.93657227], [34.91360742, 27.93657227], [34.91360742, 27.93625786], [34.91365234, 27.93625786], [34.91365234, 27.93621295], [34.91369725, 27.93621295], [34.91369725, 27.93616803], [34.91374217, 27.93616803], [34.91374217, 27.93594345], [34.91369725, 27.93594345], [34.91369725, 27.93580871], [34.91374217, 27.93580871], [34.91374217, 27.93576379], [34.91396675, 27.93576379], [34.91396675, 27.93571887], [34.91405658, 27.93571887], [34.91405658, 27.93576379], [34.91414641, 27.93576379], [34.91414641, 27.93571887], [34.91432607, 27.93571887], [34.91432607, 27.93562904], [34.91441591, 27.93562904], [34.91441591, 27.93558413], [34.91450574, 27.93558413], [34.91450574, 27.93553921], [34.91455065, 27.93553921], [34.91455065, 27.9354943], [34.91459557, 27.9354943], [34.91459557, 27.93544938], [34.91464048, 27.93544938], [34.91464048, 27.93540446], [34.9146854, 27.93540446], [34.9146854, 27.93535955], [34.9149549, 27.93535955], [34.9149549, 27.93531463], [34.91499981, 27.93531463], [34.91499981, 27.93509005], [34.9149549, 27.93509005], [34.9149549, 27.93504514], [34.91473032, 27.93504514], [34.91473032, 27.93500022], [34.91464048, 27.93500022], [34.91464048, 27.93491039], [34.91459557, 27.93491039], [34.91459557, 27.93473073], [34.91455065, 27.93473073], [34.91455065, 27.93482056], [34.91437099, 27.93482056], [34.91437099, 27.93491039], [34.91428116, 27.93491039], [34.91428116, 27.93500022], [34.9141015, 27.93500022], [34.9141015, 27.93517988], [34.91392183, 27.93517988], [34.91392183, 27.93526972], [34.91374217, 27.93526972], [34.91374217, 27.93535955], [34.91356251, 27.93535955], [34.91356251, 27.93544938], [34.91338284, 27.93544938], [34.91338284, 27.93553921], [34.91284385, 27.93553921], [34.91284385, 27.93571887], [34.91275402, 27.93571887], [34.91275402, 27.93580871], [34.91266419, 27.93580871], [34.91266419, 27.93589854], [34.91257436, 27.93589854], [34.91257436, 27.93598837], [34.91248453, 27.93598837], [34.91248453, 27.93625786], [34.91221503, 27.93625786], [34.91221503, 27.93652736], [34.91140655, 27.93652736], [34.91140655, 27.93661719], [34.91104722, 27.93661719], [34.91104722, 27.93670702], [34.91095739, 27.93670702], [34.91095739, 27.93688668], [34.91050823, 27.93688668], [34.91050823, 27.93697652], [34.90996925, 27.93697652], [34.90996925, 27.93706635], [34.90934042, 27.93706635], [34.90934042, 27.93715618], [34.90916076, 27.93715618], [34.90916076, 27.93724601], [34.90907093, 27.93724601], [34.90907093, 27.93742567], [34.90880144, 27.93742567], [34.90880144, 27.9375155], [34.90853194, 27.9375155], [34.90853194, 27.93760534], [34.90808278, 27.93760534], [34.90808278, 27.93769517], [34.90799295, 27.93769517], [34.90799295, 27.937785], [34.90808278, 27.937785], [34.90808278, 27.93787483], [34.90799295, 27.93787483], [34.90799295, 27.93796466], [34.90745396, 27.93796466], [34.90745396, 27.93814433], [34.90754379, 27.93814433], [34.90754379, 27.93809941], [34.90758871, 27.93809941], [34.90758871, 27.93805449], [34.90763363, 27.93805449], [34.90763363, 27.93800958], [34.90781329, 27.93800958], [34.90781329, 27.93805449], [34.90790312, 27.93805449], [34.90790312, 27.93809941], [34.90794804, 27.93809941], [34.90794804, 27.93814433], [34.90799295, 27.93814433], [34.90799295, 27.93823416], [34.90803787, 27.93823416], [34.90803787, 27.93827907], [34.90799295, 27.93827907], [34.90799295, 27.9383689], [34.90803787, 27.9383689], [34.90803787, 27.93845874]], [[34.90880144, 27.93809941], [34.90880144, 27.93805449], [34.90875652, 27.93805449], [34.90875652, 27.93800958], [34.90884635, 27.93800958], [34.90884635, 27.93809941], [34.90880144, 27.93809941]], [[34.91203537, 27.93711126], [34.91203537, 27.93702143], [34.91199045, 27.93702143], [34.91199045, 27.9369316], [34.91203537, 27.9369316], [34.91203537, 27.93688668], [34.91217012, 27.93688668], [34.91217012, 27.93697652], [34.9121252, 27.93697652], [34.9121252, 27.93706635], [34.91208029, 27.93706635], [34.91208029, 27.93711126], [34.91203537, 27.93711126]], [[34.91158621, 27.93679685], [34.91158621, 27.93675194], [34.9115413, 27.93675194], [34.9115413, 27.93666211], [34.91167604, 27.93666211], [34.91167604, 27.93670702], [34.91172096, 27.93670702], [34.91172096, 27.93679685], [34.91158621, 27.93679685]], [[34.91320318, 27.93652736], [34.91320318, 27.93648244], [34.91315826, 27.93648244], [34.91315826, 27.93639261], [34.91311335, 27.93639261], [34.91311335, 27.93634769], [34.91306843, 27.93634769], [34.91306843, 27.93630278], [34.9129786, 27.93630278], [34.9129786, 27.93621295], [34.91293369, 27.93621295], [34.91293369, 27.93616803], [34.91275402, 27.93616803], [34.91275402, 27.93598837], [34.91279894, 27.93598837], [34.91279894, 27.93594345], [34.91284385, 27.93594345], [34.91284385, 27.93589854], [34.91293369, 27.93589854], [34.91293369, 27.93585362], [34.9129786, 27.93585362], [34.9129786, 27.93580871], [34.91302352, 27.93580871], [34.91302352, 27.93576379], [34.91306843, 27.93576379], [34.91306843, 27.93571887], [34.91315826, 27.93571887], [34.91315826, 27.93576379], [34.9132481, 27.93576379], [34.9132481, 27.93580871], [34.91329301, 27.93580871], [34.91329301, 27.93594345], [34.9132481, 27.93594345], [34.9132481, 27.93612312], [34.91329301, 27.93612312], [34.91329301, 27.93625786], [34.91333793, 27.93625786], [34.91333793, 27.93630278], [34.91338284, 27.93630278], [34.91338284, 27.93634769], [34.91342776, 27.93634769], [34.91342776, 27.93648244], [34.91329301, 27.93648244], [34.91329301, 27.93652736], [34.91320318, 27.93652736]], [[34.9141015, 27.93571887], [34.9141015, 27.93567396], [34.91414641, 27.93567396], [34.91414641, 27.93571887], [34.9141015, 27.93571887]]]]}, "geometry_name": "geom", "properties": {"class_name": "Sand", "area_sqkm": 0.04783537057081237}}, {"type": "Feature", "id": "benthic_data_verbose.fid-4dbf5249_1a0dd400c2d_-390d", "geometry": {"type": "MultiPolygon", "coordinates": [[[[34.91464048, 27.93473073], [34.91486506, 27.93473073], [34.91486506, 27.93459598], [34.91482015, 27.93459598], [34.91482015, 27.93446123], [34.91473032, 27.93446123], [34.91473032, 27.9346409], [34.91464048, 27.9346409], [34.91464048, 27.93473073]]]]}, "geometry_name": "geom", "properties": {"class_name": "Sand", "area_sqkm": 0.0004180725242719054}}, {"type": "Feature", "id": "benthic_data_verbose.fid-4dbf5249_1a0dd400c2d_-390c", "geometry": {"type": "MultiPolygon", "coordinates": [[[[34.91688627, 27.93459598], [34.91693119, 27.93459598], [34.91693119, 27.93455106], [34.91688627, 27.93455106], [34.91688627, 27.93459598]]]]}, "geometry_name": "geom", "properties": {"class_name": "Rock", "area_sqkm": 2.2003824040293693e-05}}, {"type": "Feature", "id": "benthic_data_verbose.fid-4dbf5249_1a0dd400c2d_-390b", "geometry": {"type": "MultiPolygon", "coordinates": [[[[34.91490998, 27.9343714], [34.9149549, 27.9343714], [34.9149549, 27.93428157], [34.91499981, 27.93428157], [34.91499981, 27.93414682], [34.91504473, 27.93414682], [34.91504473, 27.93401207], [34.91499981, 27.93401207], [34.91499981, 27.93396716], [34.9149549, 27.93396716], [34.9149549, 27.93392224], [34.91482015, 27.93392224], [34.91482015, 27.93401207], [34.91490998, 27.93401207], [34.91490998, 27.9343714]]]]}, "geometry_name": "geom", "properties": {"class_name": "Sand", "area_sqkm": 0.0005280940227787942}}, {"type": "Feature", "id": "benthic_data_verbose.fid-4dbf5249_1a0dd400c2d_-390a", "geometry": {"type": "MultiPolygon", "coordinates": [[[[34.91131672, 27.93221544], [34.91145147, 27.93221544], [34.91145147, 27.93212561], [34.91140655, 27.93212561], [34.91140655, 27.93199087], [34.91131672, 27.93199087], [34.91131672, 27.93203578], [34.9112718, 27.93203578], [34.9112718, 27.9320807], [34.91131672, 27.9320807], [34.91131672, 27.93221544]]]]}, "geometry_name": "geom", "properties": {"class_name": "Coral/Algae", "area_sqkm": 0.00028605610787309704}}, {"type": "Feature", "id": "benthic_data_verbose.fid-4dbf5249_1a0dd400c2d_-3909", "geometry": {"type": "MultiPolygon", "coordinates": [[[[34.91985071, 27.93347309], [34.92003038, 27.93347309], [34.92003038, 27.93338325], [34.92021004, 27.93338325], [34.92021004, 27.93342817], [34.92029987, 27.93342817], [34.92029987, 27.93338325], [34.9203897, 27.93338325], [34.9203897, 27.93320359], [34.92021004, 27.93320359], [34.92021004, 27.93311376], [34.92012021, 27.93311376], [34.92012021, 27.93302393], [34.92003038, 27.93302393], [34.92003038, 27.9329341], [34.91967105, 27.9329341], [34.91967105, 27.93284427], [34.91940156, 27.93284427], [34.91940156, 27.93275443], [34.9189524, 27.93275443], [34.9189524, 27.93270952], [34.91877274, 27.93270952], [34.91877274, 27.9326646], [34.91796425, 27.9326646], [34.91796425, 27.93270952], [34.91787442, 27.93270952], [34.91787442, 27.93275443], [34.91778459, 27.93275443], [34.91778459, 27.93279935], [34.91773967, 27.93279935], [34.91773967, 27.93284427], [34.91760493, 27.93284427], [34.91760493, 27.9329341], [34.91693119, 27.9329341], [34.91693119, 27.93288918], [34.91688627, 27.93288918], [34.91688627, 27.93284427], [34.91684136, 27.93284427], [34.91684136, 27.93279935], [34.91675153, 27.93279935], [34.91675153, 27.93284427], [34.91666169, 27.93284427], [34.91666169, 27.9329341], [34.91670661, 27.9329341], [34.91670661, 27.93302393], [34.91684136, 27.93302393], [34.91684136, 27.93306884], [34.91688627, 27.93306884], [34.91688627, 27.93315868], [34.91693119, 27.93315868], [34.91693119, 27.93320359], [34.91702102, 27.93320359], [34.91702102, 27.93324851], [34.91715577, 27.93324851], [34.91715577, 27.93320359], [34.91729051, 27.93320359], [34.91729051, 27.93315868], [34.91738035, 27.93315868], [34.91738035, 27.93311376], [34.91769476, 27.93311376], [34.91769476, 27.93306884], [34.91773967, 27.93306884], [34.91773967, 27.93302393], [34.91778459, 27.93302393], [34.91778459, 27.93297901], [34.91787442, 27.93297901], [34.91787442, 27.9329341], [34.91791934, 27.9329341], [34.91791934, 27.93288918], [34.91800917, 27.93288918], [34.91800917, 27.93284427], [34.91814391, 27.93284427], [34.91814391, 27.93279935], [34.91832358, 27.93279935], [34.91832358, 27.93284427], [34.91845832, 27.93284427], [34.91845832, 27.93279935], [34.91850324, 27.93279935], [34.91850324, 27.93275443], [34.91854816, 27.93275443], [34.91854816, 27.93270952], [34.91863799, 27.93270952], [34.91863799, 27.93275443], [34.91872782, 27.93275443], [34.91872782, 27.93279935], [34.91908715, 27.93279935], [34.91908715, 27.93284427], [34.91917698, 27.93284427], [34.91917698, 27.9329341], [34.91922189, 27.9329341], [34.91922189, 27.93297901], [34.91940156, 27.93297901], [34.91940156, 27.93302393], [34.91949139, 27.93302393], [34.91949139, 27.93306884], [34.91958122, 27.93306884], [34.91958122, 27.93315868], [34.91962613, 27.93315868], [34.91962613, 27.93324851], [34.91958122, 27.93324851], [34.91958122, 27.93329342], [34.91967105, 27.93329342], [34.91967105, 27.93338325], [34.91985071, 27.93338325], [34.91985071, 27.93347309]], [[34.91989563, 27.93333834], [34.91989563, 27.93320359], [34.92003038, 27.93320359], [34.92003038, 27.93333834], [34.91989563, 27.93333834]]]]}, "geometry_name": "geom", "properties": {"class_name": "Coral/Algae", "area_sqkm": 0.008889665025191382}}, {"type": "Feature", "id": "benthic_data_verbose.fid-4dbf5249_1a0dd400c2d_-3908", "geometry": {"type": "MultiPolygon", "coordinates": [[[[34.9121252, 27.9329341], [34.91221503, 27.9329341], [34.91221503, 27.93279935], [34.91217012, 27.93279935], [34.91217012, 27.93275443], [34.9121252, 27.93275443], [34.9121252, 27.93270952], [34.91208029, 27.93270952], [34.91208029, 27.9326646], [34.91199045, 27.9326646], [34.91199045, 27.93261969], [34.91194554, 27.93261969], [34.91194554, 27.93275443], [34.91203537, 27.93275443], [34.91203537, 27.93284427], [34.9121252, 27.93284427], [34.9121252, 27.9329341]]]]}, "geometry_name": "geom", "properties": {"class_name": "Sand", "area_sqkm": 0.00041807946052029726}}, {"type": "Feature", "id": "benthic_data_verbose.fid-4dbf5249_1a0dd400c2d_-3907", "geometry": {"type": "MultiPolygon", "coordinates": [[[[34.91140655, 27.93226036], [34.91149638, 27.93226036], [34.91149638, 27.93221544], [34.91158621, 27.93221544], [34.91158621, 27.93217053], [34.91167604, 27.93217053], [34.91167604, 27.93221544], [34.91172096, 27.93221544], [34.91172096, 27.93212561], [34.91163113, 27.93212561], [34.91163113, 27.93203578], [34.91158621, 27.93203578], [34.91158621, 27.93199087], [34.9115413, 27.93199087], [34.9115413, 27.93194595], [34.91140655, 27.93194595], [34.91140655, 27.93212561], [34.91145147, 27.93212561], [34.91145147, 27.93221544], [34.91140655, 27.93221544], [34.91140655, 27.93226036]]]]}, "geometry_name": "geom", "properties": {"class_name": "Rubble", "area_sqkm": 0.0006381251904349774}}, {"type": "Feature", "id": "benthic_data_verbose.fid-4dbf5249_1a0dd400c2d_-3906", "geometry": {"type": "MultiPolygon", "coordinates": [[[[34.9089811, 27.93104763], [34.90907093, 27.93104763], [34.90907093, 27.93091289], [34.90902601, 27.93091289], [34.90902601, 27.93086797], [34.9089811, 27.93086797], [34.9089811, 27.93104763]]]]}, "geometry_name": "geom", "properties": {"class_name": "Rock", "area_sqkm": 0.00015403180424310267}}], "totalFeatures": 148, "numberMatched": 148, "numberReturned": 148, "timeStamp": "2026-09-26T15:01:30.412Z", "crs": {"type": "name", "properties": {"name": "urn:ogc:def:crs:EPSG::4326"}}}